win,r2,res,k,exit,n_sig,n,meanR,t,win_pct,valid_bar,valid_pct,ci_lo,ci_hi,q1,q2,q3,q4
150,0.7,0.5,0.0,trail,23,6,-0.6541867338625872,-5.563858180586007,0.0,28,0.0405104314360948,-0.852705357175112,-0.45464039457198835,,,,
150,0.7,0.5,0.0,tp3r,23,6,-0.7294905511986992,-4.517574601853638,0.0,28,0.0405104314360948,-0.989505448630597,-0.45465712436343353,,,,
150,0.7,0.5,0.25,trail,22,6,-0.6234712926272001,-6.424252316568738,0.0,28,0.0405104314360948,-0.7816843583264372,-0.45346430166401314,,,,
150,0.7,0.5,0.25,tp3r,22,6,-0.7294905511986992,-4.517574601853638,0.0,28,0.0405104314360948,-0.989505448630597,-0.45465712436343353,,,,
150,0.7,1.0,0.0,trail,977,124,-0.042449399549144895,-0.3188388627796846,0.2903225806451613,1372,1.9850111403686448,-0.2938321077986009,0.23338971195460353,0.2553216154949787,0.13721187980027358,0.060144682095494735,-0.34310602944305485
150,0.7,1.0,0.0,tp3r,977,133,-0.02096819143550186,-0.16136642044453947,0.3458646616541353,1372,1.9850111403686448,-0.271441371002733,0.23203361192843558,0.37605398623102226,-0.006901207820184177,0.07893335942838371,-0.2698343037107371
150,0.7,1.0,0.25,trail,868,117,-0.03765441467199252,-0.272626129692165,0.29914529914529914,1372,1.9850111403686448,-0.3029234994024169,0.2385106139045133,0.49796521689704715,0.10422993661679172,0.12921642259235502,-0.41615237683478945
150,0.7,1.0,0.25,tp3r,868,126,-0.02050715773854744,-0.15332701525027204,0.3492063492063492,1372,1.9850111403686448,-0.27063627741677065,0.2454934662952939,0.6114917389030785,-0.01951798894741283,0.13507277668005852,-0.3734543878459056
150,0.7,1.5,0.0,trail,3089,250,0.027443480025581606,0.2368522239486225,0.336,4575,6.619115136433345,-0.1798815107709779,0.2653007097341788,0.4900461076154869,-0.0400363145172736,-0.06616494619065835,-0.07118989390235458
150,0.7,1.5,0.0,tp3r,3089,256,0.018481405418242634,0.20064911122305695,0.390625,4575,6.619115136433345,-0.16092636081066722,0.20521837614166272,-0.08625928202901945,0.24746737147187678,-0.019893227805452322,-0.07103900412992813
150,0.7,1.5,0.25,trail,2749,235,0.05028264797825457,0.4185226667574154,0.3276595744680851,4575,6.619115136433345,-0.17238652232476298,0.2963357009093816,0.5237468233983159,0.01834976637747229,-0.010934495831262036,-0.12228420199562481
150,0.7,1.5,0.25,tp3r,2749,242,0.07884052919144242,0.8112833515866317,0.39669421487603307,4575,6.619115136433345,-0.10899655550073009,0.2711471378970051,-0.04566930808259952,0.4344761685731521,0.04797949971901557,-0.13204822572120686
150,0.7,2.5,0.0,trail,5881,352,-0.06095481648875363,-0.6403694160590488,0.2897727272727273,8766,12.682658641743105,-0.24021963334235563,0.13314796397458037,0.1416536973456628,-0.06097246855801192,-0.11541548167223577,-0.13551060078388352
150,0.7,2.5,0.0,tp3r,5881,355,-0.030123824669424717,-0.37306433891391455,0.36338028169014086,8766,12.682658641743105,-0.1908981144828911,0.13330637702980733,-0.1985349345348283,0.17900126301522376,-0.034154598391914134,-0.09679992924696332
150,0.7,2.5,0.25,trail,5327,337,-0.060053835360177554,-0.6170602420478863,0.29080118694362017,8766,12.682658641743105,-0.23652160232573194,0.13981822568994676,0.03762531407807399,-0.013818023028756251,-0.08814133881122568,-0.13358379298810394
150,0.7,2.5,0.25,tp3r,5327,344,0.011007494169044934,0.13253287282125883,0.37790697674418605,8766,12.682658641743105,-0.14689259527663182,0.17999924604417983,-0.18330727802068947,0.3652300713923831,-0.006902876551676873,-0.14541819054561358
150,0.8,1.0,0.0,trail,565,71,0.0991184680977693,0.6109449092435008,0.36619718309859156,776,1.1227176712289129,-0.20359365092854828,0.4304463829587942,0.5053932712933716,0.3850110004109964,0.15237236053924888,-0.3120322260367351
150,0.8,1.0,0.0,tp3r,565,76,0.12552631927765773,0.7617130438042707,0.42105263157894735,776,1.1227176712289129,-0.1835744040646524,0.44770588381203424,0.7691463526094908,0.07991773771800974,0.41760452307218693,-0.36268094304134285
150,0.8,1.0,0.25,trail,505,64,0.09706069979327799,0.5393055455511805,0.359375,776,1.1227176712289129,-0.2366020664434588,0.4568232511793918,0.686669467869659,0.31340048883321436,0.12631973628595508,-0.31885494128343117
150,0.8,1.0,0.25,tp3r,505,71,0.1325405712348549,0.7452565307102027,0.4084507042253521,776,1.1227176712289129,-0.1977131397558013,0.5008040334757621,0.9762695839170807,0.04291780873197294,0.351416004206495,-0.3478876078609695
150,0.8,1.5,0.0,trail,1663,147,0.12957300527411417,1.0903600443727408,0.41496598639455784,2442,3.533088341676553,-0.10120132895582239,0.3797548773127837,0.05386889488501602,0.3046067044024142,0.09206923140115938,0.07937915147526478
150,0.8,1.5,0.0,tp3r,1663,152,0.263716734515848,2.16396752813321,0.4934210526315789,2442,3.533088341676553,0.02544004694198536,0.5048805646640013,0.311984660248167,0.5556594365415901,0.06171720260248641,0.23797765493852788
150,0.8,1.5,0.25,trail,1470,139,0.11029085591427842,0.8968537434468019,0.4028776978417266,2442,3.533088341676553,-0.1213567266537374,0.35206272449170944,0.04932716634257412,0.3758228133397376,0.031052228153163774,0.03640668436472518
150,0.8,1.5,0.25,tp3r,1470,148,0.25467272225310994,2.0440816739766774,0.4797297297297297,2442,3.533088341676553,0.01737438996388897,0.49831112406538924,0.30893508938741066,0.6276571616458391,-0.0231863651056946,0.2612281289487752
150,0.8,2.5,0.0,trail,3094,194,0.035177059289055054,0.33063534847248377,0.35051546391752575,4504,6.5163922567203905,-0.16698380571233823,0.24518258052886363,-0.22365239389287667,0.2799935227358517,0.06774173741051213,-0.007627182158858546
150,0.8,2.5,0.0,tp3r,3094,198,0.16519132022394054,1.4997677427607412,0.4292929292929293,4504,6.5163922567203905,-0.04722256649287273,0.37859460072499346,-0.09848290019731572,0.6004396284681733,-0.008812965297620575,0.1862538731263885
150,0.8,2.5,0.25,trail,2796,188,0.02956605484763498,0.2756526662512145,0.35106382978723405,4504,6.5163922567203905,-0.17442642193158284,0.24218763985440914,-0.2030850312847957,0.36683058848378425,0.008365319597913598,-0.03762030850803119
150,0.8,2.5,0.25,tp3r,2796,198,0.1438644202287975,1.307807590817883,0.42424242424242425,4504,6.5163922567203905,-0.06849428673929224,0.3632670696652494,-0.07846105919201095,0.6502988852897506,-0.09762987886083642,0.17376137957292564
150,0.85,1.0,0.0,trail,327,36,0.2626176391741494,1.063844631424991,0.3888888888888889,461,0.6669753175728464,-0.1971160166497446,0.7496069882525931,0.731661835202547,0.6289099931852776,0.08102968291331576,-0.046905984748834166
150,0.85,1.0,0.0,tp3r,327,42,0.32965606514969104,1.3768853826277438,0.42857142857142855,461,0.6669753175728464,-0.10988742690477989,0.811173411501455,0.8992414779069909,0.06314106261812515,0.3002265390806303,0.11646971486479864
150,0.85,1.0,0.25,trail,284,32,0.2994475695111327,1.081159139552299,0.40625,461,0.6669753175728464,-0.2189586063905377,0.8710658641058955,0.9711587118481865,0.47259076290363594,0.05311425520977366,-0.018111042267416125
150,0.85,1.0,0.25,tp3r,284,38,0.4341471762799045,1.655694081547914,0.4473684210526316,461,0.6669753175728464,-0.05707435160022962,0.9613898695396919,1.148517003790217,0.08506995711984777,0.35849130120817413,0.24910349330421214
150,0.85,1.5,0.0,trail,941,84,0.13597456995256235,0.8392707108594628,0.36904761904761907,1360,1.9676495268960328,-0.16669530776958763,0.4663621456199893,0.2563621302092383,0.3653502618305014,-0.06620264890630362,0.13483701021883449
150,0.85,1.5,0.0,tp3r,941,89,0.17380356999333685,1.116301062941941,0.42696629213483145,1360,1.9676495268960328,-0.12259652351322342,0.46943917934942936,0.3282193425034861,-0.1335007847905954,0.12796517707828647,0.33767082115306446
150,0.85,1.5,0.25,trail,826,76,0.17815158678855458,1.0123081036874115,0.39473684210526316,1360,1.9676495268960328,-0.13969892352708213,0.5342624120051362,0.3805356709828569,0.42748566876044203,-0.14350272735188938,0.24065327054073743
150,0.85,1.5,0.25,tp3r,826,82,0.24110429019739751,1.4398437383729485,0.45121951219512196,1360,1.9676495268960328,-0.06353548476230629,0.5735805827415332,0.4598365523559191,-0.07252169991355584,0.05664087068744317,0.5199774343511554
150,0.85,2.5,0.0,trail,1759,118,-0.0069680711146335025,-0.05067208682018407,0.3305084745762712,2511,3.6329176191440724,-0.2610939177168137,0.27908819839286847,-0.16681079296758314,0.10271394988376513,-0.11109961565026578,0.170062917271455
150,0.85,2.5,0.0,tp3r,1759,120,0.030689168063871137,0.23035723163575034,0.38333333333333336,2511,3.6329176191440724,-0.23172200176726643,0.2889188564532856,-0.14571482928455304,-0.26162942272029216,0.05961023479279926,0.38095589422178827
150,0.85,2.5,0.25,trail,1572,115,0.007695576321652859,0.05435514965170737,0.3391304347826087,2511,3.6329176191440724,-0.2626214529025203,0.2832677817927643,-0.10500350561200211,0.21339310670063918,-0.20545496282067102,0.2236482477290544
150,0.85,2.5,0.25,tp3r,1572,119,0.034765260739893986,0.25576125290261087,0.37815126050420167,2511,3.6329176191440724,-0.23209825521829314,0.3026580828898039,-0.0911030683470059,-0.19469072698726472,-0.044426580723267,0.3971338874216165
150,0.9,1.0,0.0,trail,134,18,-0.36231732417438683,-1.2196576117407232,0.1111111111111111,180,0.2604242020891808,-0.8348434781807083,0.28815667823909347,,-0.8698552101110752,-0.25732661058632683,0.007424146226850237
150,0.9,1.0,0.0,tp3r,134,19,-0.26249494189991857,-0.7812376109503598,0.21052631578947367,180,0.2604242020891808,-0.8400978916627218,0.42117660919510574,,-0.7636840245764954,-0.02628162237256157,-0.11009211052438643
150,0.9,1.0,0.25,trail,117,17,-0.3288467044899172,-1.0507350309468189,0.11764705882352941,180,0.2604242020891808,-0.8264898852920071,0.35827108617912035,,-0.8698552101110752,-0.2652715136184537,
150,0.9,1.0,0.25,tp3r,117,18,-0.2184236517802708,-0.6202702328553631,0.2222222222222222,180,0.2604242020891808,-0.8311087406816885,0.4809671525277618,,-0.7636840245764954,-0.025989413244266152,
150,0.9,1.5,0.0,trail,294,29,-0.2571889923728002,-1.203004398925331,0.2413793103448276,433,0.6264648861367517,-0.6362135393601788,0.18699857708309886,-0.5739257817570472,-0.7157233595920334,-0.2895813300904824,0.47386070686044135
150,0.9,1.5,0.0,tp3r,294,29,-0.13239033602147957,-0.49666287736763287,0.3448275862068966,433,0.6264648861367517,-0.6097444269423034,0.40362827966087866,-0.5739682473384368,-0.8251979854378728,0.09153445937940949,0.5559375423343271
150,0.9,1.5,0.25,trail,253,31,-0.38876731472404075,-2.0135127890964903,0.1935483870967742,433,0.6264648861367517,-0.7139579780805635,0.018849237784888662,-0.5739257817570472,-0.6640053176112581,-0.2928381731213753,-0.22697442107787263
150,0.9,1.5,0.25,tp3r,253,31,-0.24325060556148093,-0.9785975522133038,0.2903225806451613,433,0.6264648861367517,-0.6858155817949643,0.27025312882737573,-0.5739682473384368,-0.779306671457335,0.03355861608529042,-0.040470253767545726
150,0.9,2.5,0.0,trail,498,43,-0.4040430639833278,-2.3710414763353347,0.20930232558139536,680,0.9838247634480164,-0.6948707612981145,-0.04312716457483381,-0.5825658758195109,-0.7575511513612684,-0.4271934520141973,0.09201179980151208
150,0.9,2.5,0.0,tp3r,498,43,-0.33822283433100647,-1.6383612022463374,0.27906976744186046,680,0.9838247634480164,-0.6991136750429952,0.08330430468242833,-0.6621225284538739,-0.8658139821589449,-0.0856033358534485,0.028820530337874385
150,0.9,2.5,0.25,trail,442,46,-0.4581012619155897,-2.881048574040132,0.17391304347826086,680,0.9838247634480164,-0.7444434367013577,-0.12519830733228413,-0.5972242223176378,-0.47013238500339427,-0.42568774825353944,-0.38108004008542296
150,0.9,2.5,0.25,tp3r,442,46,-0.37037126706048357,-1.9037183459943723,0.2391304347826087,680,0.9838247634480164,-0.7302152110439044,0.033430736429933126,-0.6676364261605895,-0.5690809335705189,-0.11430630907024844,-0.3315971341240184
200,0.7,1.0,0.0,trail,528,79,0.24755500249051993,1.1939725090072102,0.3924050632911392,710,1.0272287971295466,-0.14556997994308105,0.6768792906622212,,0.07961962722419423,0.3111927612375228,0.04965468434316039
200,0.7,1.0,0.0,tp3r,528,81,-0.003737114413418595,-0.023470769777368658,0.37037037037037035,710,1.0272287971295466,-0.3065968078683918,0.3174250043931663,,-0.08107497830692843,-0.04314013794191715,-0.09890665681248859
200,0.7,1.0,0.25,trail,483,74,0.26018812459432245,1.2276484977281705,0.3918918918918919,710,1.0272287971295466,-0.12455481873205386,0.6912648553686513,,0.18730766736284724,0.3217013251289139,-0.05389244774151569
200,0.7,1.0,0.25,tp3r,483,76,0.0070778815136691925,0.04375724308976544,0.3684210526315789,710,1.0272287971295466,-0.29877827998347556,0.3339556108971574,,-0.011383346233892859,-0.046040004036224276,-0.1433087830446544
200,0.7,1.5,0.0,trail,2217,173,0.30743564959644254,1.8122549289834455,0.3872832369942196,3068,4.438785844497815,0.0008030568453002557,0.6763345374648604,0.8900992294382386,0.08620630259215209,0.23316535915328998,0.3990864635206559
200,0.7,1.5,0.0,tp3r,2217,177,0.13981235870781827,1.2498563475539648,0.423728813559322,3068,4.438785844497815,-0.07881932920608148,0.3726101166127752,0.5371368278361862,0.1434980637402638,0.14794045931215413,-0.02888799701029956
200,0.7,1.5,0.25,trail,2018,168,0.32189115850425915,1.8661882446352833,0.39880952380952384,3068,4.438785844497815,0.010469610682574584,0.6822585004840668,0.9378333563889498,0.07418684503553898,0.20811135042350332,0.4869444893655925
200,0.7,1.5,0.25,tp3r,2018,172,0.1511591066781269,1.3304682603157452,0.43023255813953487,3068,4.438785844497815,-0.06400019329677384,0.3699053770435185,0.5491384979009344,0.14328894712695708,0.10401491677399045,0.04453596579261066
200,0.7,2.5,0.0,trail,5366,318,0.062400925881403335,0.5032716914985542,0.3238993710691824,7665,11.08973060563095,-0.1622410725038408,0.32328806597231613,0.23904792106503642,0.07502086541275242,-0.08439611010780904,0.09766796608427034
200,0.7,2.5,0.0,tp3r,5366,315,-0.06632889764652466,-0.7947668175798138,0.36507936507936506,7665,11.08973060563095,-0.23097046966054363,0.09392821124333207,-0.20252305126132464,0.0952072318328743,-0.11598639142458582,-0.116080605920964
200,0.7,2.5,0.25,trail,4938,300,0.09678937995632618,0.7421065304359025,0.33,7665,11.08973060563095,-0.13359012202359785,0.36459920050211375,0.17755936519202167,0.08899681848468678,-0.008797090904308481,0.15850012709365402
200,0.7,2.5,0.25,tp3r,4938,303,-0.02656569897769493,-0.3070741199913898,0.37293729372937295,7665,11.08973060563095,-0.18852609077315788,0.13637704699082237,-0.1887674995608697,0.14730754886652547,-0.07500371568046989,-0.08023585310997808
200,0.8,1.0,0.0,trail,243,41,0.22983357419481726,0.7247378251536224,0.3170731707317073,329,0.4759975693741138,-0.32705912294824885,0.8845491075527019,,-0.08865216181130686,0.2539856994366766,-0.07886211334820781
200,0.8,1.0,0.0,tp3r,243,41,-0.07919364736706548,-0.3543241832392513,0.2926829268292683,329,0.4759975693741138,-0.497039402365587,0.37665596012914143,,-0.2867045551831422,-0.07222187036265747,-0.12276761939397007
200,0.8,1.0,0.25,trail,225,39,0.35191714860422596,1.0697530533591586,0.358974358974359,329,0.4759975693741138,-0.2338431231914987,1.0254190545620807,,0.21380459265453045,0.24951930392165586,0.00019090633396209614
200,0.8,1.0,0.25,tp3r,225,39,0.031461291095824295,0.1354334437422534,0.3333333333333333,329,0.4759975693741138,-0.387824951490439,0.5025722629358409,,0.0024409329766910733,-0.07617686767852298,-0.037383318223636414
200,0.8,1.5,0.0,trail,1131,93,0.33159286330881677,1.682468712707931,0.43010752688172044,1572,2.2743713649121795,-0.031512326034005465,0.7422247548047317,0.9384139178358816,0.2435724833978226,0.34312700728902873,0.1418304558888794
200,0.8,1.5,0.0,tp3r,1131,96,0.21564905293143363,1.4028381075827525,0.4583333333333333,1572,2.2743713649121795,-0.07744044676599059,0.5329560146632628,0.48790854717402127,0.2286656136266325,0.2411464747541022,0.00925321398687845
200,0.8,1.5,0.25,trail,1017,91,0.2840055519835675,1.49116217823621,0.42857142857142855,1572,2.2743713649121795,-0.056541820691050126,0.6834836781345619,0.6459124134799435,0.23015881781060551,0.29500856691238814,0.17733276076439297
200,0.8,1.5,0.25,tp3r,1017,93,0.1982231257173591,1.28937617913883,0.46236559139784944,1572,2.2743713649121795,-0.10334291359803811,0.5052636173859031,0.43269058180661396,0.22885385029535069,0.18811748149921648,0.0535551228515152
200,0.8,2.5,0.0,trail,2700,162,0.06577418649292217,0.4619150944372777,0.32098765432098764,3854,5.575971526953905,-0.20264151058914923,0.35216752766030257,0.06265706883469437,0.15612636068081803,0.09687212231066797,-0.08246248134081233
200,0.8,2.5,0.0,tp3r,2700,164,0.041180174634389985,0.33956847767367326,0.38414634146341464,3854,5.575971526953905,-0.19046597932635814,0.2732903681174209,-0.04738394062386434,0.19224670798917123,-0.041264550214389635,0.03217460305852357
200,0.8,2.5,0.25,trail,2471,152,0.10810170805581505,0.7152362957329846,0.3355263157894737,3854,5.575971526953905,-0.16998700861654864,0.4167682422509931,-0.02990924806841414,0.27663014326838564,0.16908590011473343,-0.06906482152932861
200,0.8,2.5,0.25,tp3r,2471,156,0.1009176189647779,0.8018724667062036,0.41025641025641024,3854,5.575971526953905,-0.14451692868746513,0.3568505375023872,-0.1601109410564089,0.3692648706314295,0.017908841241438416,0.07193334469513948
200,0.85,1.0,0.0,trail,125,22,0.45789858745772727,0.8368527181275578,0.36363636363636365,189,0.2734454121936399,-0.4911125242460433,1.6394864774694708,,0.016691253409416795,0.6844111841939714,-0.5458256211222817
200,0.85,1.0,0.0,tp3r,125,22,-0.09256428785901362,-0.28144276413588587,0.3181818181818182,189,0.2734454121936399,-0.682408925016399,0.5919495845703593,,-0.3604693356287276,0.19011126128605854,-0.5579699168871525
200,0.85,1.0,0.25,trail,115,21,0.531838792729653,0.9355460596227387,0.38095238095238093,189,0.2734454121936399,-0.4466419681323839,1.75845670198093,,0.17636950111955288,0.6835239331498537,-0.5458256211222817
200,0.85,1.0,0.25,tp3r,115,21,-0.04449566832654355,-0.13038356294869993,0.3333333333333333,189,0.2734454121936399,-0.653388998283195,0.6614111272359644,,-0.2546711720668979,0.19024680664025131,-0.5579699168871525
200,0.85,1.5,0.0,trail,642,55,0.3394842817440336,1.1424763477492286,0.36363636363636365,896,1.2963338059550336,-0.18536289083066507,0.9778363602473104,1.730323465396917,-0.027658524009811815,0.2626628127191097,0.2465225935218094
200,0.85,1.5,0.0,tp3r,642,55,0.231195567532299,1.0882789629025302,0.41818181818181815,896,1.2963338059550336,-0.15574491328899126,0.6451745537395677,0.8649836581781009,0.20001169283088796,0.1143626086608136,0.10564946471924216
200,0.85,1.5,0.25,trail,565,53,0.2920638950984093,1.0145251169263039,0.37735849056603776,896,1.2963338059550336,-0.23573538818100634,0.9171181617094055,1.2358339918182304,-0.030745859078902538,0.3625972301912446,0.2332428630674697
200,0.85,1.5,0.25,tp3r,565,53,0.18937489047656156,0.8883015654190567,0.41509433962264153,896,1.2963338059550336,-0.20873061857255443,0.6091444299821875,0.5436092657139276,0.2002026195241239,0.12624901404011513,0.10564946471924216
200,0.85,2.5,0.0,trail,1415,85,0.04488342869945369,0.21396492026420402,0.3176470588235294,1946,2.815474984808588,-0.33083193754314877,0.49761594907745027,0.9219666432764737,-0.060276458042243304,-0.08204096010477238,-0.02414616135239236
200,0.85,2.5,0.0,tp3r,1415,85,-0.011435376263160789,-0.07235955984879407,0.4,1946,2.815474984808588,-0.30323880085441696,0.301039756975651,0.32979867510688404,0.007870893027613532,-0.19547597893396576,0.05884882658312089
200,0.85,2.5,0.25,trail,1288,83,0.01664429047617779,0.08054667590022849,0.3132530120481928,1946,2.815474984808588,-0.3614533972700514,0.46083549008882746,0.3618353910356157,0.007152321891474896,-0.03332241667670361,-0.04694186323223291
200,0.85,2.5,0.25,tp3r,1288,82,-0.025941031501839244,-0.1600884921615544,0.3902439024390244,1946,2.815474984808588,-0.3338767676579175,0.2989194908532962,-0.03738762628624641,0.06259317123111399,-0.1502290897017383,0.06826004300643254
200,0.9,1.0,0.0,trail,33,9,-0.8099683230995299,-4.838357437058547,0.1111111111111111,82,0.11863769206284903,-1.0569599411018455,-0.4408771194569505,,-0.7831470679974353,,
200,0.9,1.0,0.0,tp3r,33,9,-0.8274200468443148,-4.853446807957891,0.1111111111111111,82,0.11863769206284903,-1.079070089552155,-0.4544472294841943,,-0.7999870158202033,,
200,0.9,1.0,0.25,trail,31,8,-0.7735823034167791,-4.175158049318929,0.125,82,0.11863769206284903,-1.0474570861693384,-0.4118543047709968,,,,
200,0.9,1.0,0.25,tp3r,31,8,-0.7932154926296622,-4.188564295978522,0.125,82,0.11863769206284903,-1.0741124328211304,-0.4195545202139502,,,,
200,0.9,1.5,0.0,trail,180,24,-0.342234533048825,-1.625364000343538,0.2916666666666667,272,0.3935299053792066,-0.7188584376140266,0.08712343927168208,,-0.5121200472484675,-0.22338949929427976,-0.13589153281697053
200,0.9,1.5,0.0,tp3r,180,22,-0.29102449687062326,-1.1602154760051067,0.3181818181818182,272,0.3935299053792066,-0.7312919242455821,0.2245316291054412,,-0.5627344719305626,,-0.08764084161033071
200,0.9,1.5,0.25,trail,162,23,-0.33525308853719277,-1.5295428114202065,0.30434782608695654,272,0.3935299053792066,-0.7235260625097822,0.12125251024563699,,-0.4585803714927339,-0.3430392440433131,-0.13589153281697053
200,0.9,1.5,0.25,tp3r,162,21,-0.2824157241795052,-1.0760745855308822,0.3333333333333333,272,0.3935299053792066,-0.7322455898141296,0.25293727843067193,,-0.513796107509565,,-0.08764084161033071
200,0.9,2.5,0.0,trail,349,38,-0.34002326925278703,-1.808585329449929,0.23684210526315788,476,0.6886773344136116,-0.670453871630922,0.058577480646944104,,-0.5698609963977379,-0.0383287579948852,-0.3100729803228993
200,0.9,2.5,0.0,tp3r,349,36,-0.46822457848513427,-2.531557721435689,0.25,476,0.6886773344136116,-0.7972827281124584,-0.08468754928509775,,-0.6506063372509706,-0.30085714459084145,-0.3238915454226553
200,0.9,2.5,0.25,trail,321,36,-0.3210852161830951,-1.6738412408131715,0.2777777777777778,476,0.6886773344136116,-0.6658519143822973,0.0670393389385763,,-0.5319184618146094,-0.17825529099743165,-0.12898349319394298
200,0.9,2.5,0.25,tp3r,321,34,-0.43827894416809254,-2.214616120529214,0.29411764705882354,476,0.6886773344136116,-0.7899636256041294,-0.03144082171778371,,-0.615956326227081,-0.3898591726195295,-0.12418191615893637
250,0.7,1.0,0.0,trail,304,41,0.4392196360993038,1.3231486262333465,0.36585365853658536,377,0.545444023264562,-0.1429198607644703,1.1259588191590622,,1.1963024778750555,0.30014564853351494,-0.3031385617218342
250,0.7,1.0,0.0,tp3r,304,41,0.12412421296649515,0.5577050430956378,0.3902439024390244,377,0.545444023264562,-0.28933731911770544,0.5666152533112643,,0.790463086741817,-0.058279143987405566,-0.24663756586186064
250,0.7,1.0,0.25,trail,279,40,0.49450732875528125,1.4772347788397278,0.4,377,0.545444023264562,-0.10333591199756086,1.1717476942187541,,1.1305177808976705,0.38774717107384943,-0.20142681515880578
250,0.7,1.0,0.25,tp3r,279,40,0.17487895849819196,0.7925640787163153,0.425,377,0.545444023264562,-0.2446951340795984,0.6220106369419925,,0.7312568594621704,0.022219383117485204,-0.14711128837994214
250,0.7,1.5,0.0,trail,1538,137,0.24883483102875764,1.2589735272367264,0.36496350364963503,2072,2.9977719262710147,-0.10394919786430531,0.6657243115780893,1.3992852621779053,-0.005081544303306628,0.1874945624908405,0.08877663999076534
250,0.7,1.5,0.0,tp3r,1538,137,-0.0054534409053435635,-0.046701311182573396,0.40875912408759124,2072,2.9977719262710147,-0.23475058239748475,0.23243100827416252,0.7569509372846326,-0.05637280091726355,-0.01691232065885356,-0.2371516060560389
250,0.7,1.5,0.25,trail,1404,129,0.3526664676139641,1.6656317587163083,0.3875968992248062,2072,2.9977719262710147,-0.024135513104025452,0.7856223119498408,1.3815029619913957,0.07046260974172104,0.41917270029583936,0.09803671502966504
250,0.7,1.5,0.25,tp3r,1404,130,0.04618429304102113,0.3790612471747921,0.4230769230769231,2072,2.9977719262710147,-0.18975997332904018,0.29026024181674887,0.7410022887700966,-0.030009136839292412,0.11142859449241203,-0.23763985324350592
250,0.7,2.5,0.0,trail,4769,284,0.06610757236168044,0.46175942857661806,0.2887323943661972,6639,9.60531265372262,-0.19532249248765624,0.3658177438152602,0.4150013358565204,0.018487718610010397,-0.0500158066340001,0.04190190916965782
250,0.7,2.5,0.0,tp3r,4769,272,-0.03726483413725504,-0.4174933417819493,0.3602941176470588,6639,9.60531265372262,-0.20996241081812575,0.13704173836722702,0.09852254711898172,-0.039367655409218875,-0.061232567308030464,-0.09955941570035859
250,0.7,2.5,0.25,trail,4350,269,0.10934763309862977,0.7372504009983432,0.30111524163568776,6639,9.60531265372262,-0.15677504799136305,0.4165442682909348,0.4349486645087828,0.10648884547556146,-0.034008560486990615,0.0822963647193996
250,0.7,2.5,0.25,tp3r,4350,264,-0.03757642950797932,-0.4138166713906357,0.3560606060606061,6639,9.60531265372262,-0.21006444943049438,0.14394316479924776,0.07705731224065716,-0.02173862647128175,-0.0780103553487515,-0.08543252291212133
250,0.8,1.0,0.0,trail,175,26,1.0327786303466886,2.123801015194574,0.5384615384615384,214,0.30961544026158166,0.15970422934062042,2.025587454134253,,1.3612039791059922,2.1024808866039706,-0.0935694689749843
250,0.8,1.0,0.0,tp3r,175,25,0.5563338272357662,1.7772484045029842,0.56,214,0.30961544026158166,-0.024448148674135285,1.1688822269546872,,0.9336290707535172,1.2788453672400901,-0.07477309609785775
250,0.8,1.0,0.25,trail,163,26,1.0250466824463964,2.1069987022204857,0.5384615384615384,214,0.30961544026158166,0.15253899432793697,2.019274302541125,,1.3612039791059922,2.1024808866039706,-0.11032202275894996
250,0.8,1.0,0.25,tp3r,163,25,0.5482926014194627,1.752453598920029,0.56,214,0.30961544026158166,-0.03165610095542953,1.1533287411906628,,0.9336290707535172,1.2788453672400901,-0.0930486093167294
250,0.8,1.5,0.0,trail,850,78,0.30949663351716744,1.4357901400829838,0.4358974358974359,1193,1.7260337394021819,-0.08728225007390399,0.7660905717555428,1.0509665780489854,0.09566736761659789,0.7043461016612967,-0.07845350529398504
250,0.8,1.5,0.0,tp3r,850,76,0.13886913097093848,0.8880502861306044,0.47368421052631576,1193,1.7260337394021819,-0.1560916557345609,0.4450661584916303,0.8795361698058722,-0.04546599082095661,0.35350622609743765,-0.13046578814782017
250,0.8,1.5,0.25,trail,760,74,0.3103249462675885,1.4736959495686304,0.44594594594594594,1193,1.7260337394021819,-0.07524474536281356,0.7413078649337369,1.0119682921799917,0.06265155293224693,0.775548828337658,-0.1094240260878551
250,0.8,1.5,0.25,tp3r,760,73,0.13345030120288467,0.828372957873579,0.4657534246575342,1193,1.7260337394021819,-0.1820373236746632,0.4558667323337374,0.8405378839368786,-0.061921190788298636,0.37496159896108866,-0.16183151971745088
250,0.8,2.5,0.0,trail,2477,159,0.21677316993266685,0.9875289220174353,0.3333333333333333,3474,5.02618710032119,-0.16153666316776372,0.6967352757937255,0.24003176139800245,0.0643457415152214,0.1533841806082716,0.4222014588952366
250,0.8,2.5,0.0,tp3r,2477,151,-0.02619951892481851,-0.2172575882904526,0.3841059602649007,3474,5.02618710032119,-0.25598424790405655,0.2135113549194815,0.09205196583409203,-0.11547547198804856,-0.019740257809834846,-0.013005996025175317
250,0.8,2.5,0.25,trail,2247,149,0.27052008601594413,1.067967463756415,0.33557046979865773,3474,5.02618710032119,-0.14101425914131413,0.8271103411800002,0.2781112619346808,0.06026270091235002,0.24066659239251775,0.4870425805554644
250,0.8,2.5,0.25,tp3r,2247,142,-0.014808609367066967,-0.11751051834524565,0.38028169014084506,3474,5.02618710032119,-0.263009067232718,0.22986622022332384,0.04261399949832519,-0.11547566539973558,0.09509231603056624,-0.057225465680645626
250,0.85,1.0,0.0,trail,101,16,1.1793236578226256,1.6072755712339193,0.4375,122,0.1765097369715559,-0.0939218646081233,2.7072729150471417,,,,-0.38478659863796266
250,0.85,1.0,0.0,tp3r,101,15,0.4377812241365199,1.0347524375195878,0.4666666666666667,122,0.1765097369715559,-0.29200970217281014,1.2885518796478084,,,,-0.494124730204013
250,0.85,1.0,0.25,trail,96,16,1.171702964340193,1.5959614218100815,0.4375,122,0.1765097369715559,-0.1028283688868274,2.699652221564709,,,,-0.400027985602828
250,0.85,1.0,0.25,tp3r,96,15,0.429652484421925,1.0159524363504306,0.4666666666666667,122,0.1765097369715559,-0.3069158479192931,1.2839605899082371,,,,-0.511543458163859
250,0.85,1.5,0.0,trail,469,44,0.5970675307509049,1.6972245947629336,0.45454545454545453,660,0.954888740993663,-0.016700951223970136,1.3367974778169618,,0.2742389662149356,0.7801990951007887,0.14952481279316468
250,0.85,1.5,0.0,tp3r,469,45,0.3552570402684854,1.5301312068719455,0.4888888888888889,660,0.954888740993663,-0.08276533493128573,0.825805654061376,,0.23268866949854575,0.5177664644071778,0.04185775290731164
250,0.85,1.5,0.25,trail,414,43,0.5470842608569234,1.6340065680344873,0.46511627906976744,660,0.954888740993663,-0.045054762307617555,1.2542347769093138,,0.05200931956127937,0.7827985775554243,0.19987101438483076
250,0.85,1.5,0.25,tp3r,414,45,0.250838599880688,1.107463301736214,0.4666666666666667,660,0.954888740993663,-0.1762830842261997,0.7044873692329481,,-0.058434031661765806,0.4381692096338411,0.07901797638352863
250,0.85,2.5,0.0,trail,1193,78,0.16574745572087662,0.6944620043948272,0.3333333333333333,1637,2.3684134378888277,-0.2634014051638359,0.6745010071153139,0.8714688530129642,0.17163748182278343,0.14501355189061294,-0.11906980582015504
250,0.85,2.5,0.0,tp3r,1193,76,-0.07085439068508177,-0.42768123738910807,0.35526315789473684,1637,2.3684134378888277,-0.3922221808922269,0.2677764392712725,0.2741592749696171,-0.16912508083706976,-0.04103862459829128,-0.17544317056618114
250,0.85,2.5,0.25,trail,1069,76,0.09742321816508992,0.4377834951958205,0.32894736842105265,1637,2.3684134378888277,-0.30997637514704995,0.579405906818283,0.8617514141351443,-0.01148849687537992,0.08453541714413806,-0.0993309940268213
250,0.85,2.5,0.25,tp3r,1069,73,-0.029811236441773418,-0.17050551314020912,0.3561643835616438,1637,2.3684134378888277,-0.3558902651555414,0.3182165807962751,0.28128498111690464,-0.16613289552514815,0.082207687350509,-0.18282668073594513
250,0.9,1.0,0.0,trail,31,5,-0.6173393079238829,-2.6297182849176464,0.2,43,0.06221244827685986,-0.9366867980194087,-0.13992414809207293,,,,
250,0.9,1.0,0.0,tp3r,31,5,-0.24171366802988786,-0.539040499293716,0.4,43,0.06221244827685986,-0.9716007485014966,0.6035778694494354,,,,
250,0.9,1.0,0.25,trail,28,5,-0.6173393079238829,-2.6297182849176464,0.2,43,0.06221244827685986,-0.9366867980194087,-0.13992414809207293,,,,
250,0.9,1.0,0.25,tp3r,28,5,-0.24171366802988786,-0.539040499293716,0.4,43,0.06221244827685986,-0.9716007485014966,0.6035778694494354,,,,
250,0.9,1.5,0.0,trail,144,13,-0.47168074724893655,-1.6737158083583903,0.15384615384615385,212,0.30672183801614633,-0.9097737096656963,0.13033616144400015,,,,-0.3963923350283817
250,0.9,1.5,0.0,tp3r,144,12,-0.4548508993876499,-1.317196619033111,0.16666666666666666,212,0.30672183801614633,-0.9847459458045426,0.260580557710234,,,,-0.2758831132661061
250,0.9,1.5,0.25,trail,127,13,-0.47168074724893655,-1.6737158083583903,0.15384615384615385,212,0.30672183801614633,-0.9097737096656963,0.13033616144400015,,,,-0.3963923350283817
250,0.9,1.5,0.25,tp3r,127,12,-0.4548508993876499,-1.317196619033111,0.16666666666666666,212,0.30672183801614633,-0.9847459458045426,0.260580557710234,,,,-0.2758831132661061
250,0.9,2.5,0.0,trail,313,27,-0.4298154665881559,-2.087594364528538,0.18518518518518517,475,0.6872305332908939,-0.7865429460629391,-0.002900743702034746,,-0.3423449561657817,-0.39759752015217215,-0.5565751405924171
250,0.9,2.5,0.0,tp3r,313,25,-0.29063985440503276,-1.0131177474884219,0.24,475,0.6872305332908939,-0.8105684409345252,0.2941074309291046,,-0.4248373031819694,-0.03430202766808921,-0.5401308696130382
250,0.9,2.5,0.25,trail,280,22,-0.3803192295829383,-1.5815199929734796,0.18181818181818182,475,0.6872305332908939,-0.7927815195249657,0.10088858578681889,,-0.41449760676577796,-0.2724645294813049,-0.475573353747621
250,0.9,2.5,0.25,tp3r,280,22,-0.2568519003468068,-0.8087518836456646,0.22727272727272727,475,0.6872305332908939,-0.8155601506909549,0.41606172297996724,,-0.4246383485872845,0.1830561079254965,-0.5416381784453375
350,0.7,1.0,0.0,trail,158,23,0.3186593108920946,0.729405402282802,0.34782608695652173,183,0.2647646054573338,-0.36463636671767036,1.3017063501945378,,0.006560712331334313,-0.21765358365973367,0.2374036616144859
350,0.7,1.0,0.0,tp3r,158,23,0.036703316114852,0.14595290248587123,0.391304347826087,183,0.2647646054573338,-0.4294649559736297,0.5420753809136257,,0.16487790034543867,-0.32099079697331745,0.14264202523695627
350,0.7,1.0,0.25,trail,149,23,0.29975426537238414,0.6876089707560648,0.34782608695652173,183,0.2647646054573338,-0.38105747605947315,1.27881428486573,,-0.0160587757477911,-0.21765358365973367,0.1875538085347214
350,0.7,1.0,0.25,tp3r,149,23,0.026124014495081557,0.10542726624498662,0.391304347826087,183,0.2647646054573338,-0.43306407816249354,0.5211142922704141,,0.17417376388274972,-0.32099079697331745,0.09279217215719178
350,0.7,1.5,0.0,trail,975,90,0.22734041123536505,1.251697520363536,0.4,1206,1.7448421539975116,-0.11337036678417475,0.6015650659994384,1.0079163619731664,0.35833078964405557,0.14776628903051514,-0.11485970449297225
350,0.7,1.5,0.0,tp3r,975,93,0.161680625154169,1.0488872175682933,0.44086021505376344,1206,1.7448421539975116,-0.13616232792789765,0.469198579356017,0.6412583244948604,0.25197237246938425,0.11975101479814475,-0.08023880667181232
350,0.7,1.5,0.25,trail,935,89,0.18860334316790583,1.0467729992873278,0.39325842696629215,1206,1.7448421539975116,-0.13866056748239833,0.5654630291893297,0.6044358433867728,0.4074096446766315,0.14776628903051514,-0.11511458452490378
350,0.7,1.5,0.25,tp3r,935,92,0.10473642785994965,0.6793687754407558,0.42391304347826086,1206,1.7448421539975116,-0.18995901594513492,0.41521107484811637,0.3090407453646656,0.28170785717377594,0.11975101479814475,-0.14750340362319167
350,0.7,2.5,0.0,trail,3937,215,0.09901392928763586,0.8109449840105701,0.34418604651162793,5237,7.576897479672444,-0.1337281407113957,0.34215853087111425,0.6998785849332745,0.46567355393479487,-0.09607432177801868,-0.32869774435625104
350,0.7,2.5,0.0,tp3r,3937,210,0.10540830772047002,1.013197928311479,0.41904761904761906,5237,7.576897479672444,-0.09386635225327906,0.31563457652339777,0.572377287649206,0.34753314803981034,-0.057443495607605095,-0.19997289001384336
350,0.7,2.5,0.25,trail,3700,213,0.08920635262363269,0.7250310973682124,0.3427230046948357,5237,7.576897479672444,-0.14741585235634216,0.3374219837339165,0.6333467997743079,0.44545451924032375,-0.10423970133588557,-0.3179035839087901
350,0.7,2.5,0.25,tp3r,3700,210,0.07721098755777246,0.7489506717415776,0.4095238095238095,5237,7.576897479672444,-0.1255732744792444,0.2848985728965982,0.5818245573883387,0.33058345206256423,-0.058612433455340444,-0.26740590897804717
350,0.8,1.0,0.0,trail,80,14,0.5352892066936042,0.798880671761173,0.35714285714285715,90,0.1302121010445904,-0.4087506171832734,1.977034085589815,,,-0.5080945659115166,
350,0.8,1.0,0.0,tp3r,80,14,0.024673281674556933,0.07672307905969637,0.35714285714285715,90,0.1302121010445904,-0.5377041485583556,0.674213006400187,,,-0.626194238269898,
350,0.8,1.0,0.25,trail,76,14,0.5328264847597521,0.7953899691065994,0.35714285714285715,90,0.1302121010445904,-0.40885421308483444,1.9711603334868188,,,-0.5080945659115166,
350,0.8,1.0,0.25,tp3r,76,14,0.022210559740704856,0.06919971364471893,0.35714285714285715,90,0.1302121010445904,-0.5381350204492047,0.6717415442297204,,,-0.626194238269898,
350,0.8,1.5,0.0,trail,477,53,0.2924368062026819,1.048811622186249,0.41509433962264153,610,0.8825486848577795,-0.19586849474382056,0.8887349613111785,,0.721387451946754,-0.24848385579081364,-0.11857392769189137
350,0.8,1.5,0.0,tp3r,477,53,0.13708477223056495,0.6949216352027238,0.4716981132075472,610,0.8825486848577795,-0.2359192353933433,0.5385142960370359,,0.5846342138897462,-0.2701595206864494,0.032772192056821095
350,0.8,1.5,0.25,trail,455,53,0.286407644391659,1.0255024905575791,0.41509433962264153,610,0.8825486848577795,-0.20286185724657252,0.8847309074719756,,0.721387451946754,-0.2649264313218732,-0.1190199677477716
350,0.8,1.5,0.25,tp3r,455,53,0.10283745675248428,0.5187967836494486,0.4528301886792453,610,0.8825486848577795,-0.27582150666014493,0.5052964298057178,,0.5846342138897462,-0.27010770081900104,-0.08830408245566174
350,0.8,2.5,0.0,trail,1975,131,0.09178012888672504,0.5133332720874512,0.32061068702290074,2692,3.8947886223559705,-0.2350081583098824,0.4510664182004215,0.542154372171702,0.7942895103008052,-0.0609913127820882,-0.44445836229346447
350,0.8,2.5,0.0,tp3r,1975,119,0.1119694005161923,0.8238991980294986,0.40336134453781514,2692,3.8947886223559705,-0.14068341149699978,0.3910443164339132,0.5274193959036987,0.5295652865549333,-0.07689560216798944,-0.2210834368550557
350,0.8,2.5,0.25,trail,1842,129,0.044745065349491166,0.2509844379919052,0.3178294573643411,2692,3.8947886223559705,-0.28077338846418015,0.4102461332484451,0.2324652844039371,0.7727246066638046,-0.0655193605291684,-0.45481031780655357
350,0.8,2.5,0.25,tp3r,1842,122,0.034677316707856676,0.26267253911919525,0.38524590163934425,2692,3.8947886223559705,-0.2199951156431577,0.29828694932822813,0.296341109031595,0.4987021494523523,-0.07642562641804748,-0.361437174901405
350,0.85,1.0,0.0,trail,46,7,-0.16372378722252862,-0.6250141981427645,0.2857142857142857,53,0.07668045950403658,-0.6181862781502065,0.3385287262391683,,,,
350,0.85,1.0,0.0,tp3r,46,7,-0.21554301431432968,-0.7596698895569121,0.2857142857142857,53,0.07668045950403658,-0.7218247323338086,0.31890829757553807,,,,
350,0.85,1.0,0.25,trail,44,7,-0.16864923109023278,-0.6536711844740087,0.2857142857142857,53,0.07668045950403658,-0.6181862781502065,0.32378283336804975,,,,
350,0.85,1.0,0.25,tp3r,44,7,-0.2204684581820338,-0.7875593452554037,0.2857142857142857,53,0.07668045950403658,-0.7218247323338086,0.30290591666571925,,,,
350,0.85,1.5,0.0,trail,276,33,-0.04567833314361425,-0.2283359294811232,0.42424242424242425,359,0.519401603055644,-0.4178979537497058,0.3555694837287621,,-0.29744359895209777,0.12803019492679746,0.02925716844361297
350,0.85,1.5,0.0,tp3r,276,33,0.10985770016955924,0.46150459142042344,0.48484848484848486,359,0.519401603055644,-0.32697651465180416,0.5865831465149627,,-0.09592940385232145,0.07478028098250733,0.37906215412107136
350,0.85,1.5,0.25,trail,259,33,-0.0458945949888895,-0.22948614632427733,0.42424242424242425,359,0.519401603055644,-0.41929167030682735,0.35510032522535123,,-0.29744359895209777,0.12803019492679746,0.028543504354204653
350,0.85,1.5,0.25,tp3r,259,33,0.05482302993661249,0.22857921605208134,0.45454545454545453,359,0.519401603055644,-0.3806023542122779,0.536099191677243,,-0.09592940385232145,0.07478028098250733,0.1772683632669333
350,0.85,2.5,0.0,trail,1049,73,-0.19016821357686928,-1.1845806791914624,0.273972602739726,1405,2.032755577418328,-0.48810747249110326,0.15273018238981131,-0.47828751879308257,-0.1388831055007885,-0.07013458277228762,-0.29071403691579184
350,0.85,2.5,0.0,tp3r,1049,66,-0.09017916886525401,-0.5595343429113564,0.3787878787878788,1405,2.032755577418328,-0.39358053159426226,0.2326618133518396,-0.1641283728336927,-0.01962889368775096,-0.26266810672353635,0.12624572665659844
350,0.85,2.5,0.25,trail,978,72,-0.22535220410803428,-1.5016054919404762,0.2777777777777778,1405,2.032755577418328,-0.5008084930552944,0.07980162915918178,-0.47828751879308257,-0.17066296349215798,-0.19330134810900623,-0.22023673482533127
350,0.85,2.5,0.25,tp3r,978,67,-0.20030511245627858,-1.309750764622202,0.34328358208955223,1405,2.032755577418328,-0.4902569644567883,0.11077433975730204,-0.1641283728336927,-0.049819758779551984,-0.45470295236762126,0.006161670669783623
350,0.9,1.5,0.0,trail,112,14,-0.1974186524006063,-0.6242043258276454,0.35714285714285715,157,0.2271477762666744,-0.7251713518289072,0.4121817289320502,,-0.416974855859715,,
350,0.9,1.5,0.0,tp3r,112,14,-0.12211372145575942,-0.3139834869754337,0.35714285714285715,157,0.2271477762666744,-0.7750359950887589,0.6651757492364285,,-0.19485093923563385,,
350,0.9,1.5,0.25,trail,101,14,-0.19988137433445838,-0.6335323794816484,0.35714285714285715,157,0.2271477762666744,-0.7251713518289072,0.4079900599542079,,-0.416974855859715,,
350,0.9,1.5,0.25,tp3r,101,14,-0.12457644338961152,-0.32080136381710134,0.35714285714285715,157,0.2271477762666744,-0.7766548034766562,0.6613302550748482,,-0.19485093923563385,,
350,0.9,2.5,0.0,trail,378,29,-0.13936114586215884,-0.5002254339911112,0.27586206896551724,494,0.7147197546225296,-0.6340214083429377,0.43040582244166364,,-0.1577404550789714,-0.21982158811452665,0.08822254605204016
350,0.9,2.5,0.0,tp3r,378,28,-0.15877429732308448,-0.5749412046831034,0.32142857142857145,494,0.7147197546225296,-0.6420765437046596,0.40372216437775105,,-0.2300001722421685,-0.17747620307182924,0.0611488129070592
350,0.9,2.5,0.25,trail,352,29,-0.06375980324500112,-0.22538773101696147,0.3103448275862069,494,0.7147197546225296,-0.5696384613879433,0.5050596001665602,,-0.1577404550789714,-0.24600252409988158,0.3982762000191001
350,0.9,2.5,0.25,tp3r,352,28,-0.07018753904678168,-0.2511466485681959,0.35714285714285715,494,0.7147197546225296,-0.5696926650982372,0.4948291764082917,,-0.2300001722421685,-0.17747620307182924,0.37120246687411906
500,0.7,1.0,0.0,trail,91,13,-0.4197795580471461,-1.9292773198944226,0.23076923076923078,92,0.13310570329002575,-0.7855060557028112,0.035204570859772785,,,-0.5508877333513184,
500,0.7,1.0,0.0,tp3r,91,13,-0.33529245679904396,-1.4141252604131884,0.3076923076923077,92,0.13310570329002575,-0.7603853256032749,0.13467743731091317,,,-0.6781338625957366,
500,0.7,1.0,0.25,trail,89,13,-0.4197795580471461,-1.9292773198944226,0.23076923076923078,92,0.13310570329002575,-0.7855060557028112,0.035204570859772785,,,-0.5508877333513184,
500,0.7,1.0,0.25,tp3r,89,13,-0.33529245679904396,-1.4141252604131884,0.3076923076923077,92,0.13310570329002575,-0.7603853256032749,0.13467743731091317,,,-0.6781338625957366,
500,0.7,1.5,0.0,trail,652,56,0.35976859362478636,1.2502110143746432,0.375,744,1.0764200353019475,-0.16781921245599518,0.9601469912875334,2.659824153931038,-0.08179037097704195,-0.45573919778069516,0.34934909490782334
500,0.7,1.5,0.0,tp3r,652,58,0.15672540084367506,0.8237885816293998,0.43103448275862066,744,1.0764200353019475,-0.21853708623972723,0.5407036172360548,1.5611647074729638,-0.0919240026329939,-0.3132251331159114,0.01033288224657076
500,0.7,1.5,0.25,trail,616,55,0.3730853595254596,1.2736054097094198,0.38181818181818183,744,1.0764200353019475,-0.15437697004197154,0.9955538601664962,2.659824153931038,-0.0852635778857214,-0.4827344436313266,0.442654562359956
500,0.7,1.5,0.25,tp3r,616,57,0.17432093374960703,0.906320389458186,0.43859649122807015,744,1.0764200353019475,-0.19535252663819688,0.5561943694998146,1.5611647074729638,-0.09220935672618351,-0.3275115978421686,0.09420001042645877
500,0.7,2.5,0.0,trail,3000,170,0.08384659650217052,0.5466841726925803,0.31176470588235294,3790,5.483376255099974,-0.19297455566955674,0.4075222669535834,1.0117534300729882,0.05926408561983774,-0.3006149892382218,-0.10131752203516217
500,0.7,2.5,0.0,tp3r,3000,176,-0.045202016998477125,-0.40574515818513596,0.3465909090909091,3790,5.483376255099974,-0.2588551684178257,0.17553232680979278,0.2016166584844214,0.01708880634872982,-0.33859877984128545,-0.023174021261801726
500,0.7,2.5,0.25,trail,2815,162,0.1278033741267961,0.7759916678924892,0.3148148148148148,3790,5.483376255099974,-0.16854814251704917,0.4669027024687799,1.3238591530244979,0.1007551941188688,-0.3470052569217524,-0.05736662405407437
500,0.7,2.5,0.25,tp3r,2815,166,0.0037638600811149238,0.03251624396045063,0.3674698795180723,3790,5.483376255099974,-0.21552826075740839,0.23463413838805003,0.32296624128122026,0.05922864184931169,-0.3522949311821741,0.05887359397973212
500,0.8,1.0,0.0,trail,70,9,-0.4308451123285505,-1.519832300839565,0.2222222222222222,71,0.10272287971295467,-0.8743096487941427,0.1668331549735025,,,-0.48802500813245836,
500,0.8,1.0,0.0,tp3r,70,9,-0.3459709266413404,-1.1234827787611186,0.3333333333333333,71,0.10272287971295467,-0.8709681931553046,0.2739047522469508,,,-0.6354111420261136,
500,0.8,1.0,0.25,trail,68,9,-0.4308451123285505,-1.519832300839565,0.2222222222222222,71,0.10272287971295467,-0.8743096487941427,0.1668331549735025,,,-0.48802500813245836,
500,0.8,1.0,0.25,tp3r,68,9,-0.3459709266413404,-1.1234827787611186,0.3333333333333333,71,0.10272287971295467,-0.8709681931553046,0.2739047522469508,,,-0.6354111420261136,
500,0.8,1.5,0.0,trail,343,27,0.4981685743638597,0.9559567904046657,0.2962962962962963,371,0.536763216528256,-0.3883765042394919,1.6067152226701606,4.250809308069682,0.45747966784042954,-0.7274098113808533,-0.40239932255968863
500,0.8,1.5,0.0,tp3r,343,29,0.185373681120029,0.6264759590994241,0.3793103448275862,371,0.536763216528256,-0.375329308171737,0.7790301175333254,2.095618632704113,0.11729717051897792,-0.46064009473872664,-0.3881885506018194
500,0.8,1.5,0.25,trail,323,26,0.5446437457789479,1.0094956944303115,0.3076923076923077,371,0.536763216528256,-0.3762454999240788,1.6532903120591644,4.250809308069682,0.45747966784042954,-0.7427534213349999,-0.32552887932465313
500,0.8,1.5,0.25,tp3r,323,28,0.23079466939436968,0.7613505073577873,0.39285714285714285,371,0.536763216528256,-0.33349058168777557,0.8248898616243495,2.095618632704113,0.11729717051897792,-0.460051530514223,-0.2728966783534605
500,0.8,2.5,0.0,trail,1473,84,0.16664736889642678,0.6686600107238646,0.34523809523809523,1799,2.6027952197690905,-0.2549696773791811,0.7180841247787496,1.5054750348952466,0.28631381267376355,-0.2893152253989744,-0.323044607221039
500,0.8,2.5,0.0,tp3r,1473,85,-0.005658034087519305,-0.03496074078081365,0.3764705882352941,1799,2.6027952197690905,-0.317164847942083,0.32196848055965177,0.3976830582756388,0.31274546668037567,-0.3928654096308883,-0.15927227281347822
500,0.8,2.5,0.25,trail,1375,80,0.21857182276592652,0.8057753202537749,0.3375,1799,2.6027952197690905,-0.25668093134714876,0.8098656006467485,1.8990406894882943,0.29360526926690445,-0.35692467667684213,-0.2691854878669232
500,0.8,2.5,0.25,tp3r,1375,85,-0.01340422941211032,-0.0826037450797389,0.36470588235294116,1799,2.6027952197690905,-0.32033253774725107,0.30523628740487974,0.520388550551737,0.31249600162523083,-0.46656867565007853,-0.10116178990178662
500,0.85,1.5,0.0,trail,114,13,0.13632146283911353,0.26580275392849306,0.23076923076923078,125,0.18085014033970892,-0.7230688022038653,1.1963896371903682,,,,
500,0.85,1.5,0.0,tp3r,114,13,0.1345341058951015,0.29092140672484745,0.3076923076923077,125,0.18085014033970892,-0.6784675001292817,1.0475681611267618,,,,
500,0.85,1.5,0.25,trail,104,11,0.3370321674555608,0.5724374335365018,0.2727272727272727,125,0.18085014033970892,-0.6452566760314162,1.5333386096701458,,,,
500,0.85,1.5,0.25,tp3r,104,11,0.0012282981144437842,0.002602466252767515,0.2727272727272727,125,0.18085014033970892,-0.8053360954440307,0.9256768306354938,,,,
500,0.85,2.5,0.0,trail,677,39,0.011007276466063946,0.04298559013095864,0.358974358974359,841,1.2167597442055615,-0.43021016656158884,0.5617552687966016,0.07639998434506097,0.3584605482320455,-0.30874535742043485,0.05008960977135098
500,0.85,2.5,0.0,tp3r,677,39,-0.03398220737879679,-0.1545778742212485,0.41025641025641024,841,1.2167597442055615,-0.4406243591390725,0.40211218710900926,-0.008827875694568776,0.046459108781506823,-0.0988280170245267,-0.0499745989823579
500,0.85,2.5,0.25,trail,623,37,-0.06526488277300944,-0.2746350657324978,0.32432432432432434,841,1.2167597442055615,-0.4984066023162265,0.4218796006507435,0.004891804261189403,0.21300945329913135,-0.41103677392057886,0.0572021888682438
500,0.85,2.5,0.25,tp3r,623,38,-0.18965793009743162,-0.883119774692602,0.34210526315789475,841,1.2167597442055615,-0.5866771557216909,0.24095903377782185,-0.006266102123622774,0.04846842453518585,-0.5630706221736081,-0.04782991407385029
500,0.9,1.5,0.0,trail,27,5,-0.3597062509069738,-1.0087519215865903,0.2,31,0.04485083480424781,-0.922341134200525,0.31927155937494966,,,,
500,0.9,1.5,0.0,tp3r,27,5,-0.47863397566875826,-1.2030111872098137,0.2,31,0.04485083480424781,-1.0873378893922139,0.3124373461164754,,,,
500,0.9,2.5,0.0,trail,285,13,-0.21985905384423152,-0.9502782860513461,0.46153846153846156,329,0.4759975693741138,-0.6242419810627273,0.23182044750862935,,,,-0.18021117353511923
500,0.9,2.5,0.0,tp3r,285,12,-0.2666306373625556,-1.0149711876112402,0.4166666666666667,329,0.4759975693741138,-0.7361187123380927,0.229887398054526,,,,-0.25258955298329333
500,0.9,2.5,0.25,trail,266,12,-0.15727068199781302,-0.650267154922823,0.5,329,0.4759975693741138,-0.6075562927249544,0.30424496738512646,,,,
500,0.9,2.5,0.25,tp3r,266,12,-0.38488826510763197,-1.4632870414711596,0.3333333333333333,329,0.4759975693741138,-0.8509197079905007,0.15185479297874224,,,,
