k,family,n,meanR,t,win,sumR
1.5,DoubleBottom,111,-0.8699955703153895,-7.624839556311989,0.2882882882882883,-96.56950830500824
1.5,DoubleTop,118,-0.8132312636614726,-7.1390346905237445,0.288135593220339,-95.96128911205376
1.5,Flag,1023,-0.8074377558027157,-20.0481596461162,0.27468230694037143,-826.0088241861781
1.5,Triangle,308,-0.6611814936026761,-8.850000622824904,0.33766233766233766,-203.64390002962423
1.5,Wedge,138,-0.930739964935156,-11.215283463241759,0.2246376811594203,-128.44211516105153
1.5,boundary,429,-0.3450041164204906,-5.169860487157426,0.46153846153846156,-148.00676594439048
3.0,DoubleBottom,111,-0.5306810022821516,-5.602175700410529,0.34234234234234234,-58.90559125331883
3.0,DoubleTop,118,-0.47503765542269694,-5.001834748032605,0.3389830508474576,-56.05444333987824
3.0,Flag,1023,-0.3826253196102081,-10.739277598944623,0.39002932551319647,-391.4257019612429
3.0,Triangle,308,-0.3076592990752238,-4.283733471220466,0.44155844155844154,-94.75906411516894
3.0,Wedge,138,-0.5228178203339884,-6.321432867461421,0.3695652173913043,-72.14885920609039
3.0,boundary,429,-0.13551659900639998,-2.3952308567021383,0.5011655011655012,-58.136620973745586
4.0,DoubleBottom,111,-0.4179537928420996,-4.150632222975625,0.35135135135135137,-46.392871005473054
4.0,DoubleTop,118,-0.39455456142389767,-4.408086777362093,0.3474576271186441,-46.55743824801993
4.0,Flag,1023,-0.28393179555118125,-8.486054026637321,0.41642228739002934,-290.46222684885845
4.0,Triangle,308,-0.2221471077904101,-3.3343454352311044,0.4383116883116883,-68.42130919944631
4.0,Wedge,138,-0.42066605602697377,-5.225454333602836,0.38405797101449274,-58.05191573172238
4.0,boundary,429,-0.06388944418778682,-1.1806171138901331,0.5081585081585082,-27.408571556560542
