feature,rho_train,rho_test,tra_q1,tra_q2,tra_q3,tra_q4,tra_q5,tes_q1,tes_q2,tes_q3,tes_q4,tes_q5,test_spread
atr_pct,0.8520832324766584,0.8861048117579956,-0.4640616664940362,-0.3176125602929005,-0.2213550693528324,-0.18828112062307728,-0.2282274871201737,-0.38809786149505066,-0.4118467934420897,-0.295804179513941,-0.21810353366311883,-0.24507398735657254,0.1430238741384781
atr_pctl,0.9288333572595846,0.9376204695245198,-0.41793711419816115,-0.3293987464150512,-0.2897738319191812,-0.1717548425360382,-0.21014800163891417,-0.39013873217423606,-0.36431207342916067,-0.3597240956240892,-0.28451584774338473,-0.20144651198678296,0.1886922201874531
ma50_ext,0.4341090526879321,-0.26364626710154404,-0.2942467333783438,-0.27244959584205247,-0.35178928279714855,-0.3226795300322713,-0.17835593100003863,-0.2624462827391868,-0.3653543875673706,-0.34628164126693245,-0.33723786268636197,-0.30978215157051525,-0.047335868831328454
ma200_ext,0.4311753497090916,-0.5955844109052745,-0.24861398173054605,-0.36512393625081146,-0.31629795548906564,-0.2836720770553981,-0.20591713407918885,-0.2405507923054417,-0.36864353353828383,-0.31661315500840814,-0.3383633515196011,-0.34909758874286184,-0.10854679643742013
ma200_slope,-0.0007867031012779135,-0.44046944106893327,-0.19354792807861818,-0.3757435867784746,-0.41046716786474563,-0.11707827702438213,-0.3231902861640829,-0.32413486358126403,-0.20777095560601896,-0.4095479536466963,-0.30117448229462984,-0.3886532883085656,-0.06451842472730157
rsi14,-0.5674916706416845,0.26894776570540435,-0.22028729092419977,-0.2927136969566583,-0.2672992574272781,-0.36215812378964884,-0.2777782976228569,-0.28753129313593717,-0.39351003345258956,-0.3382654785149623,-0.3097242711157127,-0.2924387403014998,-0.004907447165562628
compress,0.9776383214664838,0.9403539286544553,-0.40075058956472803,-0.3224259147381817,-0.27309928540785505,-0.21942715898050286,-0.20391869463442616,-0.4033397275455685,-0.3635413372287749,-0.290668096842574,-0.3067531480854179,-0.25928901976250485,0.14405070778306367
pos_in_range,0.7348580391878482,-0.46352566596057154,-0.29498227668420146,-0.36371092258361265,-0.33487569121857697,-0.22103778365237442,-0.2051022374663729,-0.29481968854478524,-0.33633639827530165,-0.34914963616274314,-0.315195648640801,-0.33690932972406507,-0.042089641179279824
run_len,-0.9760640913788615,0.5932245970993175,-0.2363583051895265,-0.2821179435377826,-0.2833575279558624,-0.32201539640538607,-0.3522199231056122,-0.3812691408419938,-0.28946365971842,-0.4010528664218285,-0.1596430122389744,-0.2634333176335162,0.11783582320847763
vol_z,0.5374699235565591,0.1532796649235922,-0.279073100959525,-0.38103031900152684,-0.26931918746004374,-0.2349023666967856,-0.2557550858765332,-0.2613926995272008,-0.3741655054148148,-0.39522657497719244,-0.30713740613206,-0.2650121628988467,-0.0036194633716459257
hour,0.8677050295076574,0.24096731100219326,-0.3299515720308286,-0.26953926478454143,-0.28909209963046695,-0.2324233531168338,,-0.31161812183309007,,-0.4057139457472817,-0.24298881970351402,,0.06862930212957605
dow,0.3248002861137695,0.06638068720072925,-0.2264633962611892,-0.38838572639572133,-0.302198558110632,-0.3635236022711868,-0.13077235562640976,-0.3943209796231913,-0.1899221295474373,-0.2998912709304045,-0.39618547079266353,-0.27287895419061403,0.12144202543257726
