interval,strategy,exit,cost,sl_mult,n,meanR,t,win,train,test,ci_lo,ci_hi,cost_r,n_test
30m,donchian(20),trail,0.002,3.0,1155,-0.13581519600574218,-2.0498500370177135,0.23636363636363636,-0.11460131518268223,-0.15490071049622536,-0.32609481840874793,0.02537204064711143,0.21017962882589905,608
30m,donchian(20),tp3r,0.002,3.0,1190,-0.18824926780740667,-4.231778521930078,0.30756302521008405,-0.1459819448464576,-0.22607448357819235,-0.34290006400127804,-0.1042181306501116,0.19960491894960475,628
30m,donchian(50),trail,0.002,3.0,889,-0.0827698474767062,-1.1737713257263445,0.24296962879640044,-0.027229055709738284,-0.13161756285737986,-0.3001736667260583,0.052183536286371866,0.18863829787291672,473
30m,donchian(50),tp3r,0.002,3.0,923,-0.17556368006459508,-3.502132977671251,0.3076923076923077,-0.190421205268421,-0.16254824640026797,-0.29437965269115723,-0.027057278776880606,0.1835386147016221,492
30m,donchian(100),trail,0.002,3.0,649,-0.044700827558729055,-0.546829276459847,0.26348228043143296,0.04966722311013502,-0.12531810513013006,-0.31620856984169443,0.08299579668852883,0.16770394569750693,350
30m,donchian(100),tp3r,0.002,3.0,699,-0.15185254867978376,-2.6254324104140316,0.3133047210300429,-0.13389996759608774,-0.16727457977029925,-0.31895948002794744,-0.011620038346030565,0.16123173677679337,376
30m,momentum(20),trail,0.002,3.0,1371,-0.047135174491460013,-0.8048940702933536,0.2713347921225383,0.02242581329716089,-0.10929810142410883,-0.26080733171233134,0.055423192474054125,0.18737633698234293,724
30m,momentum(20),tp3r,0.002,3.0,1382,-0.1248150807192839,-3.0712410531147203,0.3422575976845152,-0.07790304049266734,-0.16960380370792064,-0.27889026782558723,-0.05819233754107552,0.17892166742288687,707
30m,momentum(50),trail,0.002,3.0,1357,-0.060976735478479566,-1.0115872342340975,0.26823876197494473,-0.0682205353369066,-0.0537648935606044,-0.21725864182196475,0.13554247196295147,0.18480413532828344,680
30m,momentum(50),tp3r,0.002,3.0,1380,-0.13784999963447891,-3.4047017934521393,0.336231884057971,-0.1578824499636596,-0.11804847092292566,-0.2299564931779904,-0.003339806968114062,0.17423093292060154,694
30m,"ma_cross(10,50)",trail,0.002,3.0,907,-0.10575442917336617,-1.4693718798283595,0.2624035281146637,-0.042637304063852584,-0.163667393861588,-0.34357785260386653,0.04111480658776681,0.2064959719264184,473
30m,"ma_cross(10,50)",tp3r,0.002,3.0,847,-0.10378327441088568,-1.9386127323132156,0.3400236127508855,-0.08488902355906387,-0.12193400150233487,-0.2647242090560267,0.02367037705161178,0.1979811259361697,432
30m,"ma_cross(20,100)",trail,0.002,3.0,710,-0.19053947628463297,-2.8902572092149383,0.24225352112676057,-0.2024014076500945,-0.17867754491917145,-0.34329225771426847,-0.0021502823041257887,0.20218844854638005,355
30m,"ma_cross(20,100)",tp3r,0.002,3.0,668,-0.1915544074480429,-3.2798837356884762,0.3068862275449102,-0.1848189107916638,-0.19824969218408536,-0.35616920907698263,-0.03650876341394648,0.19883098392686627,335
30m,"rsi_mr(30,70)",trail,0.002,3.0,1265,-0.2224406225278993,-4.070592372849888,0.25217391304347825,-0.28287143886578586,-0.16305171681652805,-0.31726422118669523,0.028599109417630164,0.18365162825374443,638
30m,"rsi_mr(30,70)",tp3r,0.002,3.0,1231,-0.1764289579816715,-4.3087191468663955,0.3428107229894395,-0.20082209899453415,-0.15199615332488553,-0.26832743156512806,-0.038892205097492805,0.17623123977822677,615
30m,vol_break(1.5),trail,0.002,3.0,407,0.1504802804064522,1.123493081658636,0.3022113022113022,0.07216000872829124,0.24171506496771422,-0.1484996990050008,0.724693539967052,0.20084665446332559,188
30m,vol_break(1.5),tp3r,0.002,3.0,424,-0.028157521548761787,-0.3560496689509157,0.3466981132075472,-0.11740856591538396,0.07765557228795521,-0.15163580229128137,0.31220940347992165,0.195229709439455,194
30m,vol_break(2.0),trail,0.002,3.0,244,0.16044472906911988,0.8918884340983306,0.3114754098360656,0.07069174190165106,0.25168123668563774,-0.23728741318736912,0.9054903647627922,0.1988512568140076,121
30m,vol_break(2.0),tp3r,0.002,3.0,246,0.12690229488825017,1.1776239834962041,0.3902439024390244,0.0382896152234328,0.21696764143281871,-0.08761433498745486,0.5273422699791744,0.1952965597291938,122
4h,donchian(20),trail,0.002,3.0,508,-0.013720934244496694,-0.3135631823889606,0.4035433070866142,-0.04057321179473483,0.012298714544493734,-0.10780686154040957,0.13914551847079043,0.0518999501740447,258
4h,donchian(20),tp3r,0.002,3.0,506,-0.007213216320606407,-0.16840188591952024,0.4189723320158103,-0.040479571510035894,0.02501761030261514,-0.09311039348984784,0.15077044061527992,0.051784093121604105,257
4h,donchian(50),trail,0.002,3.0,320,0.013961552939486772,0.2465009338092138,0.409375,0.02760618209525616,0.00031692378371738216,-0.15070539051530907,0.1649665942608296,0.049262823094445185,160
4h,donchian(50),tp3r,0.002,3.0,321,0.0013143578489300805,0.02458966347221344,0.4236760124610592,0.008237379274899282,-0.005565663443958566,-0.15349139247986507,0.14690791326670877,0.04926219022106075,161
4h,donchian(100),trail,0.002,3.0,222,0.04738558844404825,0.6579042437435288,0.4144144144144144,0.03250138895466288,0.062003998656837485,-0.14059709711981633,0.27158094734051924,0.04862856215958183,112
4h,donchian(100),tp3r,0.002,3.0,224,0.05690781233985629,0.8121832251323585,0.42857142857142855,0.06895855609108938,0.04527990170270152,-0.14018261890277423,0.24270196877076464,0.0485478478204222,114
4h,momentum(20),trail,0.002,3.0,1059,-0.02066650517005088,-0.7595564563546818,0.4409820585457979,-0.03480127604299429,-0.006611591759666474,-0.08204582933846,0.07043368002900861,0.050648702993380174,531
4h,momentum(20),tp3r,0.002,3.0,1036,-0.006533562268900559,-0.23558857175750614,0.4575289575289575,-0.014168154553906492,0.001013107648139874,-0.07648154390264422,0.08141598830635198,0.05060855360535739,521
4h,momentum(50),trail,0.002,3.0,1049,0.004680888354762321,0.17439460441699647,0.45662535748331745,0.013100557937048162,-0.003754849299245441,-0.0736882327699433,0.06989469940003315,0.050554756189281846,524
4h,momentum(50),tp3r,0.002,3.0,1028,-0.029154552067796238,-1.1054032894127448,0.4581712062256809,-0.033210848029274126,-0.02511400871199398,-0.09883270036635362,0.0503418653834777,0.05074321880333114,515
4h,"ma_cross(10,50)",trail,0.002,3.0,299,-0.014248779388431642,-0.2712350244041531,0.451505016722408,-0.09983026023063706,0.07543592313798911,-0.09373282529383702,0.26054238985980166,0.04945940827207292,146
4h,"ma_cross(10,50)",tp3r,0.002,3.0,293,-0.03551451159103244,-0.7252192454578944,0.45051194539249145,-0.10849557469157771,0.042092111846871325,-0.11352227954563932,0.20297454615414245,0.04950923684739193,142
4h,"ma_cross(20,100)",trail,0.002,3.0,147,0.16296182033321174,1.947366068139139,0.5034013605442177,0.27432719408745737,0.05892311590490331,-0.11996391697586412,0.24529435436966565,0.05081762838276614,76
4h,"ma_cross(20,100)",tp3r,0.002,3.0,147,0.1357964505062677,1.7933856549263654,0.5102040816326531,0.21877429210881433,0.05827767743020438,-0.11470840570232353,0.24082230111373537,0.05081762838276614,76
4h,"rsi_mr(30,70)",trail,0.002,3.0,687,-0.07232334988484043,-2.4289507055877957,0.45269286754002913,-0.06824698910213664,-0.07602604426246302,-0.1624751993783537,0.009069158755913857,0.051614307380358146,360
4h,"rsi_mr(30,70)",tp3r,0.002,3.0,675,-0.07559165009868533,-2.4019428717645157,0.4562962962962963,-0.07342180790559849,-0.077582726883819,-0.16618609199693407,0.01782943294960031,0.05148494847485802,352
4h,vol_break(1.5),trail,0.002,3.0,87,0.22341704578558733,1.5545616878780488,0.41379310344827586,0.13517728297768292,0.3179596487940564,-0.10668731058980734,0.7776233847066273,0.056771244262358286,42
4h,vol_break(1.5),tp3r,0.002,3.0,88,0.23926892657600715,1.8209075180299976,0.45454545454545453,0.10713118047746459,0.38399121992202995,-0.019975903738095258,0.79866525812079,0.05646501437691112,42
4h,vol_break(2.0),trail,0.002,3.0,51,0.33711497807066154,1.634555520650069,0.49019607843137253,0.3896953196632351,0.2824314228143851,-0.2875901274453302,0.9217338867916082,0.05748769014693824,25
4h,vol_break(2.0),tp3r,0.002,3.0,52,0.34434239789974197,1.8948684859330556,0.5576923076923077,0.30609455640045513,0.38565006671897195,-0.1698793467183832,0.9722297170234934,0.05695567715070882,25
1d,donchian(20),trail,0.002,3.0,147,0.1742368571571223,1.9036645756381319,0.5034013605442177,0.2239334883769021,0.12246953296985168,-0.10902994491953416,0.38291619618766154,0.0178252891408617,72
1d,donchian(20),tp3r,0.002,3.0,147,0.17986531216290116,2.003329210615067,0.5170068027210885,0.25065963753683923,0.10199155425156926,-0.11766375337742367,0.33904178604994356,0.017707393170040282,70
1d,donchian(50),trail,0.002,3.0,91,0.14667727946626125,1.4099748069456552,0.46153846153846156,0.18458705581823837,0.10618274563574016,-0.15921356117945837,0.41062676228880557,0.017609053785965754,44
1d,donchian(50),tp3r,0.002,3.0,93,0.18824031298198968,1.6890501837574692,0.4838709677419355,0.25846805280146923,0.11333072384121154,-0.15096071900302765,0.411937111121771,0.01749049581448114,45
1d,donchian(100),trail,0.002,3.0,58,0.14739262641522424,1.2728131518625794,0.5172413793103449,0.17788673219293188,0.11238087533711542,-0.18731025820079406,0.45069150835074784,0.016867833258089257,27
1d,donchian(100),tp3r,0.002,3.0,58,0.20344553381884964,1.5923577225834211,0.5344827586206896,0.24625572839998244,0.15429308818866,-0.15289515563031625,0.5053763598190307,0.016867833258089257,27
1d,momentum(20),trail,0.002,3.0,295,0.12026937070659505,2.033949484558721,0.5186440677966102,0.1655959355237118,0.07524906646256693,-0.07325197385243194,0.2426973999971702,0.01652497775118319,148
1d,momentum(20),tp3r,0.002,3.0,293,0.12304566441043006,2.361237282463785,0.5460750853242321,0.18142981420847595,0.06426162317541124,-0.06554865437704281,0.19684673038967976,0.0167623464313498,146
1d,momentum(50),trail,0.002,3.0,290,0.11916879381146905,2.0618786367095887,0.5,0.10169045911422266,0.13688988315728834,-0.018689950729150643,0.30868083116146877,0.016702867232576902,144
1d,momentum(50),tp3r,0.002,3.0,289,0.08137267318273998,1.6159163822494473,0.5086505190311419,0.04673681361479097,0.11624905955324419,-0.018939871900400432,0.25928557315492584,0.016757130129249023,144
1d,"ma_cross(10,50)",trail,0.002,3.0,72,0.23540323169106692,1.5319338025043063,0.5,0.22440691033494528,0.245805157298209,-0.16251910986664334,0.8121102769181379,0.018315966828306204,37
1d,"ma_cross(10,50)",tp3r,0.002,3.0,71,0.16279675377120345,1.3345602646992956,0.5070422535211268,0.23833009923150286,0.09338773361849592,-0.22777655540369776,0.45010257553326055,0.018386099695516318,37
1d,"ma_cross(20,100)",trail,0.002,3.0,33,-0.021424761222635123,-0.16800999212334633,0.5151515151515151,-0.14332111296562286,0.05780786741030693,-0.27886686687466133,0.4109398310514033,0.01732202000898057,20
1d,"ma_cross(20,100)",tp3r,0.002,3.0,33,-0.029870071991793437,-0.23092705763772806,0.5151515151515151,-0.14486055420285637,0.044873741445397464,-0.29212838950420306,0.4054812404678292,0.01732202000898057,20
1d,"rsi_mr(30,70)",trail,0.002,3.0,186,-0.10637652616198935,-1.9803886334886494,0.3978494623655914,-0.1542209410928723,-0.05749201525434808,-0.21056307505155739,0.10908131244193545,0.01704379532586073,92
1d,"rsi_mr(30,70)",tp3r,0.002,3.0,180,-0.13174068888794382,-2.210934337987359,0.39444444444444443,-0.1477278511252911,-0.11539426457784721,-0.27461814007405005,0.05131190590675582,0.017085242894367463,89
1d,vol_break(1.5),trail,0.002,3.0,35,0.48930089035347685,2.6139103959158163,0.7142857142857143,0.43371365023736735,0.5553107379913571,0.07821435614881636,1.2218773886646008,0.018777630082605194,16
1d,vol_break(1.5),tp3r,0.002,3.0,35,0.4258227999551548,2.6946152188613257,0.7142857142857143,0.41288936670375614,0.44118125194119084,0.04606081832480559,0.915483536513047,0.018777630082605194,16
1d,vol_break(2.0),trail,0.002,3.0,18,0.6696378228930455,2.5714212395983824,0.7777777777777778,0.49015384550187996,0.8491218002842111,,,0.019560317137776412,9
1d,vol_break(2.0),tp3r,0.002,3.0,18,0.6336911499417366,2.6470758251209934,0.7777777777777778,0.4527471932383207,0.8146351066451524,,,0.019560317137776412,9
