label,exit,n_sig,n,meanR,t,win,sumR,train,test,ci_lo,ci_hi,grp,tol,depth,r2,mode,near
DTB tol=0.3 depth=0.8,trail,4470,979,-0.1461142752918139,-1.8362605699310743,0.22063329928498468,-143.0458755106858,-0.23432910797281847,-0.05807947288158685,-0.29212499879194276,0.01780374286001672,A-dtb,0.3,0.8,,,
DTB tol=0.3 depth=0.8,tp3r,4470,979,-0.2420401873351726,-5.003894106549988,0.296220633299285,-236.95734340113398,-0.28191241523629496,-0.2043082181881861,-0.3355326579305215,-0.14512674810858373,A-dtb,0.3,0.8,,,
DTB tol=0.3 depth=1.5,trail,4183,942,-0.16591460193916038,-2.3964639523057047,0.2218683651804671,-156.29155502668908,-0.22234452421716216,-0.10996188830621571,-0.29360664182834384,-0.02907350802537926,A-dtb,0.3,1.5,,,
DTB tol=0.3 depth=1.5,tp3r,4183,947,-0.23629423634036253,-4.757522869057759,0.2988384371700106,-223.7706418143233,-0.2866897688394788,-0.18869270666973942,-0.3317443220377461,-0.13952883464482427,A-dtb,0.3,1.5,,,
DTB tol=0.3 depth=2.5,trail,2914,796,-0.1306852578164123,-1.7137559113821852,0.22613065326633167,-104.02546522186418,-0.16745270725232475,-0.09410210637265981,-0.2719399973925198,0.027710265206997445,A-dtb,0.3,2.5,,,
DTB tol=0.3 depth=2.5,tp3r,2914,787,-0.23099470896719618,-4.278867955943698,0.2960609911054638,-181.7928359571834,-0.30221200145047694,-0.1613878577712258,-0.33301414823632186,-0.1255848324850616,A-dtb,0.3,2.5,,,
DTB tol=0.5 depth=0.8,trail,7653,1085,-0.13688248685270657,-1.8381371371306914,0.22857142857142856,-148.51749823518662,-0.2524672504800624,-0.01936414911262557,-0.2791163335692516,0.017617901621931775,A-dtb,0.5,0.8,,,
DTB tol=0.5 depth=0.8,tp3r,7653,1097,-0.23743157158475092,-5.17202459812151,0.29535095715587967,-260.46243402847176,-0.23608908417974803,-0.2387570346929513,-0.3253545127120175,-0.14780905598669458,A-dtb,0.5,0.8,,,
DTB tol=0.5 depth=1.5,trail,7133,1042,-0.13407496842657537,-2.0339479205527313,0.23896353166986564,-139.70611710049155,-0.2220036056989979,-0.04546865379559857,-0.26006739604009005,-0.0007379240762791769,A-dtb,0.5,1.5,,,
DTB tol=0.5 depth=1.5,tp3r,7133,1052,-0.21290868210360464,-4.465216702120076,0.3051330798479088,-223.97993357299208,-0.22672747359919315,-0.19945286074110855,-0.30251833483720475,-0.1155870014168199,A-dtb,0.5,1.5,,,
DTB tol=0.5 depth=2.5,trail,4817,876,-0.09789684904344674,-1.3583009064291323,0.2408675799086758,-85.75763976205934,-0.09614547154080738,-0.09960869206521386,-0.2358764705521137,0.04650799266074876,A-dtb,0.5,2.5,,,
DTB tol=0.5 depth=2.5,tp3r,4817,871,-0.17451104836803447,-3.319408500583414,0.31802525832376577,-151.999123128558,-0.22587445948861065,-0.12255452626454166,-0.2775171341014242,-0.06811941935793536,A-dtb,0.5,2.5,,,
DTB tol=0.8 depth=0.8,trail,12092,1152,-0.13605891230126474,-1.8873319158460269,0.2300347222222222,-156.73986697105698,-0.19400879430518278,-0.0802809168460455,-0.27258316061421345,0.014258043509261078,A-dtb,0.8,0.8,,,
DTB tol=0.8 depth=0.8,tp3r,12092,1158,-0.15783909079026148,-3.430253745437332,0.32037996545768566,-182.7776671351228,-0.16012653043918526,-0.1555037466460723,-0.2461972657895095,-0.06511561030231085,A-dtb,0.8,0.8,,,
DTB tol=0.8 depth=1.5,trail,11256,1123,-0.16881768417886042,-2.7023713321292284,0.23241317898486197,-189.58225933286025,-0.20632509159442391,-0.13255833410286913,-0.2863131070667168,-0.04717527893198648,A-dtb,0.8,1.5,,,
DTB tol=0.8 depth=1.5,tp3r,11256,1132,-0.20019641247477263,-4.327607340017402,0.3047703180212014,-226.6223389214426,-0.22591948696135608,-0.1745640719369955,-0.2943656079353727,-0.11001979027872166,A-dtb,0.8,1.5,,,
DTB tol=0.8 depth=2.5,trail,7467,950,-0.13690457821161103,-2.0267543722146915,0.2336842105263158,-130.0593493010305,-0.1497615154111284,-0.12442107902203821,-0.2694245859188471,0.0007396174731670408,A-dtb,0.8,2.5,,,
DTB tol=0.8 depth=2.5,tp3r,7467,950,-0.168813480561078,-3.3497167517550444,0.3157894736842105,-160.37280653302412,-0.2090052550336507,-0.1281107937011421,-0.26774791495064415,-0.07046662146036854,A-dtb,0.8,2.5,,,
CH win=80 r2=0.7 breakout,trail,3672,436,-0.10502413778896119,-1.4236008881319624,80.0,-45.79052407598708,-0.15364708999573384,-0.06066635682839667,-0.24676579006950292,0.042365487819479956,B-channel,,,0.7,breakout,
CH win=80 r2=0.7 breakout,tp3r,3672,460,-0.038668055872240314,-0.5433893696574088,80.0,-17.787305701230544,-0.016567161904019065,-0.05875144084751192,-0.17688278415424621,0.10252729982226404,B-channel,,,0.7,breakout,
CH win=80 r2=0.7 meanrev,trail,1115,318,-0.14547439405647714,-1.7248451804501492,80.0,-46.26085730995973,-0.12638149857314113,-0.16049127814449424,-0.3072753677501589,0.021238755611025253,B-channel,,,0.7,meanrev,
CH win=80 r2=0.7 meanrev,tp3r,1115,323,-0.08889553541614428,-1.0688137400878701,80.0,-28.713257939414603,-0.07459926415700109,-0.09983257353789314,-0.2542206705900282,0.07485824458394454,B-channel,,,0.7,meanrev,
CH win=80 r2=0.85 breakout,trail,1047,162,0.037543626106998615,0.2444939989471364,80.0,6.082067429333775,0.0871209058992843,-0.005195408196695977,-0.2345074800998291,0.3645182210276054,B-channel,,,0.85,breakout,
CH win=80 r2=0.85 breakout,tp3r,1047,170,0.01630541838873348,0.14253340360936367,80.0,2.771921126084692,-0.039912941622791256,0.06285180248429698,-0.20473220907404546,0.2437132155229792,B-channel,,,0.85,breakout,
CH win=80 r2=0.85 meanrev,trail,312,112,-0.09876168459099255,-0.5570885930346969,80.0,-11.061308674191165,0.17585947471718866,-0.26353438017590136,-0.4099376897437951,0.2683214573218147,B-channel,,,0.85,meanrev,
CH win=80 r2=0.85 meanrev,tp3r,312,113,-0.0901262665812695,-0.6392635947071215,80.0,-10.184268123683454,-0.00011284985313315728,-0.14542022257141035,-0.3668156656944082,0.19507609986327004,B-channel,,,0.85,meanrev,
CH win=150 r2=0.7 breakout,trail,2749,235,0.05028264797825457,0.4185226667574154,150.0,11.816422274889824,0.22265921496036653,-0.0646350633431533,-0.17238652232476298,0.2963357009093816,B-channel,,,0.7,breakout,
CH win=150 r2=0.7 breakout,tp3r,2749,242,0.07884052919144242,0.8112833515866317,150.0,19.079408064329066,0.23956562854457966,-0.03628879729555664,-0.10899655550073009,0.2711471378970051,B-channel,,,0.7,breakout,
CH win=150 r2=0.7 meanrev,trail,579,179,-0.049890696437617926,-0.3410268295104775,150.0,-8.930434662333608,0.1908684777611328,-0.18064783414900834,-0.29367748394666865,0.25869028452597537,B-channel,,,0.7,meanrev,
CH win=150 r2=0.7 meanrev,tp3r,579,172,-0.13587895688374887,-1.3449230031678339,150.0,-23.371180584004808,0.04995902117120729,-0.23800613401304913,-0.32728982385166294,0.06619041360815418,B-channel,,,0.7,meanrev,
CH win=150 r2=0.85 breakout,trail,826,76,0.17815158678855458,1.0123081036874115,150.0,13.53952059593015,0.40244566994573,0.03187283690344024,-0.13969892352708213,0.5342624120051362,B-channel,,,0.85,breakout,
CH win=150 r2=0.85 breakout,tp3r,826,82,0.24110429019739751,1.4398437383729485,150.0,19.770551796186595,0.19365742622118162,0.2782366185266099,-0.06353548476230629,0.5735805827415332,B-channel,,,0.85,breakout,
CH win=150 r2=0.85 meanrev,trail,165,59,-0.3612551740068385,-2.7263919722268093,150.0,-21.31405526640347,-0.26286213340235465,-0.4117131435475996,-0.6074637401394547,-0.08580415642388554,B-channel,,,0.85,meanrev,
CH win=150 r2=0.85 meanrev,tp3r,165,54,-0.43886369046379164,-3.0615643459744133,150.0,-23.69863928504475,-0.2785663749708905,-0.525882233159938,-0.7093545676614047,-0.15004611713221122,B-channel,,,0.85,meanrev,
CH win=250 r2=0.7 breakout,trail,1404,129,0.3526664676139641,1.6656317587163083,250.0,45.49397432220137,0.516774219018206,0.2586047076627522,-0.024135513104025452,0.7856223119498408,B-channel,,,0.7,breakout,
CH win=250 r2=0.7 breakout,tp3r,1404,130,0.04618429304102113,0.3790612471747921,250.0,6.003958095332747,0.23816875032919071,-0.058950052616786035,-0.18975997332904018,0.29026024181674887,B-channel,,,0.7,breakout,
CH win=250 r2=0.7 meanrev,trail,245,74,-0.16877626395176354,-1.093568262059665,250.0,-12.489443532430501,-0.38630741579028743,-0.05779098240149623,-0.45181088877569164,0.14375224062149397,B-channel,,,0.7,meanrev,
CH win=250 r2=0.7 meanrev,tp3r,245,73,-0.23493060920185616,-1.5936024162064109,250.0,-17.1499344717355,-0.31330068457937416,-0.19411286160939886,-0.5080712550251175,0.06006562187431439,B-channel,,,0.7,meanrev,
CH win=250 r2=0.85 breakout,trail,414,43,0.5470842608569234,1.6340065680344873,250.0,23.524623216847708,0.5865120238061481,0.5237196605907161,-0.045054762307617555,1.2542347769093138,B-channel,,,0.85,breakout,
CH win=250 r2=0.85 breakout,tp3r,414,45,0.250838599880688,1.107463301736214,250.0,11.287736994630961,0.20927684075116668,0.2785464393003689,-0.1762830842261997,0.7044873692329481,B-channel,,,0.85,breakout,
CH win=250 r2=0.85 meanrev,trail,87,23,0.24361737029444813,0.5718969711123527,250.0,5.603199516772307,0.7201164558272252,-0.12292038780768805,-0.4254761536793213,1.184436555693266,B-channel,,,0.85,meanrev,
CH win=250 r2=0.85 meanrev,tp3r,87,22,0.02893866006446768,0.10292518609439022,250.0,0.6366505214182889,0.1266718126658281,-0.05250563376999932,-0.4772433909142737,0.5945566506668659,B-channel,,,0.85,meanrev,
COMBO near=0.5,trail,41,33,-0.3533622195982822,-1.5191836975304711,0.24242424242424243,-11.660953246743311,-0.4020765283900207,-0.3016032665070598,-0.7633407496555228,0.115376371256116,C-combo,,,,,0.5
COMBO near=0.5,tp3r,41,32,-0.17015777223929857,-0.6749948308965029,0.34375,-5.445048711657554,-0.14447241297745064,-0.1992678460693929,-0.6308919830373402,0.3325548407575597,C-combo,,,,,0.5
COMBO near=1.0,trail,96,63,-0.3557440216973234,-2.3150023225441934,0.23809523809523808,-22.411873366931374,-0.4452585575099622,-0.2572780323034206,-0.6285647904977804,-0.04481574246061309,C-combo,,,,,1.0
COMBO near=1.0,tp3r,96,63,-0.18399444265720524,-1.0484123581657112,0.3333333333333333,-11.59164988740393,-0.06614133472024503,-0.30564926375342216,-0.5081123905278119,0.17309814570303814,C-combo,,,,,1.0
COMBO near=2.0,trail,235,113,-0.14559390993513735,-0.8621970206144399,0.26548672566371684,-16.45211182267052,0.05771489675826137,-0.2801365025998865,-0.4432292032049471,0.20408669983160715,C-combo,,,,,2.0
COMBO near=2.0,tp3r,235,112,-0.048064429144980866,-0.3425717593371591,0.375,-5.383216064237857,0.17082331468451933,-0.1896976751523046,-0.3109064761694593,0.23690344120779555,C-combo,,,,,2.0
