exit,strat,n,meanR,t,win,sumR,train,test
trail,donchian(20),465,-0.18555332204269614,-1.818889644076662,0.23440860215053763,-86.2822947498537,-0.15392045518757466,-0.2157241656398078
trail,donchian(50),355,-0.10841653589247571,-1.007460077144881,0.2591549295774648,-38.48787024182888,-0.15643717533182497,-0.05957736282631936
trail,donchian(100),258,-0.08600444663064624,-0.68271277284354,0.27906976744186046,-22.18914723070673,-0.13680274585283958,-0.03195505625823258
trail,momentum(20),553,-0.16764116304592805,-1.8759197127532197,0.24773960216998192,-92.70556316439821,-0.13479911909580877,-0.1998946399001671
trail,momentum(50),521,-0.08550192093864638,-0.8114328302672726,0.272552783109405,-44.54650080903476,-0.1317902525843654,-0.0368445014527921
trail,"ma_cross(10,50)",342,-0.18892394362342846,-1.698084747008497,0.2573099415204678,-64.61198871921253,-0.17965883772417177,-0.19874718843227893
trail,"ma_cross(20,100)",268,-0.21367227468519615,-2.2833796417623966,0.26865671641791045,-57.26416961563257,-0.26934402049133926,-0.14704871003194295
trail,"rsi_mr(30,70)",479,-0.1304114056122648,-1.1821442892132832,0.2567849686847599,-62.467063288274844,-0.17572428824993075,-0.08452735218504848
trail,"rsi_mr(20,80)",307,-0.1443438149669793,-0.9952716863902111,0.254071661237785,-44.31355119486264,-0.256579768172058,-0.023766000375036588
trail,vol_break(1.5),143,0.31026821578271585,1.1165265447057642,0.34265734265734266,44.36835485692837,-0.04922499486834014,0.7067680804713806
tp3r,donchian(20),477,-0.2944585478071154,-4.3175438538299575,0.2851153039832285,-140.45672730399403,-0.29602374322520175,-0.292912917331755
tp3r,donchian(50),367,-0.14953905890916833,-1.8566475398837885,0.33242506811989103,-54.880834619664775,-0.05450770945308949,-0.2430293594551486
tp3r,donchian(100),279,-0.20127690129567824,-2.216358296688899,0.3118279569892473,-56.156255461494226,-0.2254937267223447,-0.1768858541033523
tp3r,momentum(20),540,-0.20308934372667373,-3.1775917008127523,0.32037037037037036,-109.66824561240381,-0.20414500463984936,-0.2020336828134981
tp3r,momentum(50),533,-0.15125501125190535,-2.311636328176104,0.3433395872420263,-80.61892099726555,-0.1741242712322186,-0.12650975728883204
tp3r,"ma_cross(10,50)",321,-0.11090343673793089,-1.2722469043855429,0.34579439252336447,-35.60000319287582,-0.21332756857058877,0.004408499762412391
tp3r,"ma_cross(20,100)",254,-0.2561872281479743,-2.784403439001034,0.2992125984251969,-65.07155594958547,-0.32429087012161406,-0.17769489502581318
tp3r,"rsi_mr(30,70)",466,-0.14228387493276587,-2.072798292337296,0.34763948497854075,-66.3042857186689,-0.05420986933751747,-0.2245106436420227
tp3r,"rsi_mr(20,80)",313,-0.3187863866277819,-4.130399413180207,0.30670926517571884,-99.78013901449575,-0.33096922032528564,-0.3057160617337714
tp3r,vol_break(1.5),149,0.07687841542177586,0.5547923578878425,0.3959731543624161,11.454883897844603,0.031896237695016344,0.12246846041511318
