n,sumR,meanR,t,win,k,structure
2128,-2932.5037678410995,-1.378056281880216,-37.190337217470876,0.18092105263157895,0.8,"staged3(1:1,2:1,trail)"
2128,-2963.3438823398337,-1.3925488168890197,-39.55679030606016,0.17105263157894737,0.8,"staged2(1.5:1,3:1)"
2128,-2879.5737680779653,-1.3531831616907732,-32.48731753261422,0.20394736842105263,0.8,staged3(1.5:3:trail)
2128,-2899.357340744944,-1.3624799533575864,-31.302999480788714,0.20488721804511278,0.8,staged3(2:4:trail)
2128,-2983.5007975939398,-1.4020210515009115,-44.873553476588675,0.2781954887218045,0.8,single(1R)
2128,-2957.4615025823155,-1.3897845406871783,-39.07364519806036,0.21945488721804512,0.8,single(2R)
2128,-2935.9221106669884,-1.3796626459901262,-34.59078203360567,0.17058270676691728,0.8,single(3R)
2128,-2765.166718319603,-1.2994204503381594,-15.62252761175676,0.06531954887218046,0.8,trail_only
2128,-1500.220776821399,-0.7049909665514094,-25.036763501356734,0.31954887218045114,1.5,"staged3(1:1,2:1,trail)"
2128,-1489.8487589375736,-0.7001168979969801,-23.780750238587277,0.22227443609022557,1.5,"staged2(1.5:1,3:1)"
2128,-1490.3170647626266,-0.7003369665237907,-21.919514119806493,0.2843045112781955,1.5,staged3(1.5:3:trail)
2128,-1475.5769521487096,-0.6934102218743936,-19.65083687208462,0.24718045112781956,1.5,staged3(2:4:trail)
2128,-1568.950029737606,-0.7372885478090254,-31.79013059185598,0.3533834586466165,1.5,single(1R)
2128,-1525.5107738891925,-0.7168753636697333,-24.198677625040624,0.24859022556390978,1.5,single(2R)
2128,-1430.2488153839163,-0.6721094057255246,-18.966082100399476,0.20159774436090225,1.5,single(3R)
2128,-1407.5221996505138,-0.6614296050989257,-12.006776735885252,0.13580827067669174,1.5,trail_only
2128,-1130.000248921531,-0.5310151545683887,-20.519630085527478,0.3641917293233083,2.0,"staged3(1:1,2:1,trail)"
2128,-1132.9826842625528,-0.5324166749354101,-18.959455083326347,0.25046992481203006,2.0,"staged2(1.5:1,3:1)"
2128,-1123.7221055695793,-0.5280648992338248,-17.641613537899797,0.3082706766917293,2.0,staged3(1.5:3:trail)
2128,-1087.5033751165479,-0.5110448191337161,-15.282638631005597,0.2650375939849624,2.0,staged3(2:4:trail)
2128,-1167.1102458751807,-0.5484540629112691,-24.982818798748884,0.38110902255639095,2.0,single(1R)
2128,-1123.8046528167667,-0.5281036902334431,-18.288263187059073,0.26597744360902253,2.0,single(2R)
2128,-1108.7381495783916,-0.5210235665311991,-15.309054860017739,0.21287593984962405,2.0,single(3R)
2128,-1072.7728801752364,-0.5041225940673103,-10.653872047413536,0.17481203007518797,2.0,trail_only
2128,-732.5368581101473,-0.3442372453525128,-13.846510034243375,0.4130639097744361,3.0,"staged3(1:1,2:1,trail)"
2128,-696.2705130111339,-0.3271947899488411,-12.066265629815266,0.3294172932330827,3.0,"staged2(1.5:1,3:1)"
2128,-672.1464945822042,-0.31585831512321627,-10.895386813610948,0.3505639097744361,3.0,staged3(1.5:3:trail)
2128,-670.9492392463922,-0.3152956951345828,-9.898899881086546,0.30545112781954886,3.0,staged3(2:4:trail)
2128,-778.0033961766038,-0.3656030997070507,-17.210204511075297,0.4158834586466165,3.0,single(1R)
2128,-726.519722404134,-0.34140964398690504,-12.200656475330868,0.30545112781954886,3.0,single(2R)
2128,-683.0522469277288,-0.3209831987442335,-10.052805182856975,0.2791353383458647,3.0,single(3R)
2128,-656.020540933428,-0.3082803293860094,-7.5548082583732965,0.26033834586466165,3.0,trail_only
2128,-538.3740155356072,-0.252995308052447,-10.740627879248299,0.42857142857142855,4.0,"staged3(1:1,2:1,trail)"
2128,-550.3211308146657,-0.2586095539542602,-10.111326351400052,0.3505639097744361,4.0,"staged2(1.5:1,3:1)"
2128,-531.8501041849822,-0.24992956023730367,-9.310268604335823,0.3609022556390977,4.0,staged3(1.5:3:trail)
2128,-525.1142932811372,-0.24676423556444416,-8.624893365464196,0.337406015037594,4.0,staged3(2:4:trail)
2128,-570.3427973495112,-0.2680182318371763,-12.887316351220361,0.42951127819548873,4.0,single(1R)
2128,-538.1120208306652,-0.25287219023997426,-9.570294073232567,0.337406015037594,4.0,single(2R)
2128,-527.9385410541465,-0.24809141966830195,-8.516151182156209,0.32095864661654133,4.0,single(3R)
2128,-529.8953469185083,-0.2490109712962915,-7.4208696740097615,0.3125,4.0,trail_only
