N,k,exit,n,meanR,t,win,train,test,ci_lo,ci_hi
10,0.5,trail,419,-0.10374495271175588,-0.8803102106186101,0.26252983293556087,-0.05899777819390188,-0.1453990045670855,-0.3135062180800898,0.14193161097954549
10,0.5,tp3r,426,-0.10569308111906801,-1.3660362014621588,0.33568075117370894,-0.11168953141699818,-0.09991769811322744,-0.2535369483861515,0.04777450187279828
10,1.0,trail,290,-0.007785937679465752,-0.04989649488303364,0.2827586206896552,-0.19411253646870275,0.191849703880431,-0.28791256328361686,0.31564869628078474
10,1.0,tp3r,314,-0.11255129448953749,-1.245132472555191,0.3471337579617834,-0.21346313310539808,-0.009035279393267634,-0.2859839938122479,0.0691561285159559
10,1.5,trail,182,0.16486453318017513,0.7331485902587728,0.3241758241758242,-0.16012640455735594,0.5197396950774792,-0.22533571865948648,0.6605937669681374
10,1.5,tp3r,190,-0.04437872128012342,-0.36794804897572453,0.35789473684210527,-0.11680675614587654,0.028049313585629666,-0.2790071450699956,0.19669691422726637
10,2.0,trail,108,0.20106923245003358,0.6054430096440503,0.3148148148148148,0.05653998834730915,0.3626019170354315,-0.3350696762158491,0.9254350589261379
10,2.0,tp3r,112,0.048231111817101116,0.30122797927703443,0.36607142857142855,0.0915112217107639,0.001745067857241119,-0.2558421782096527,0.36616639342067325
10,2.5,trail,54,0.5678110952492748,0.914709259154499,0.3333333333333333,0.15396034441015594,0.9816618460883937,-0.3591650060818769,1.9681280824867848
10,2.5,tp3r,56,0.187925042020526,0.8017753752554153,0.4107142857142857,0.24512881909470247,0.13834843522290646,-0.2503002737966386,0.6441989308911287
20,0.5,trail,372,-0.14786769806318062,-1.4505301088631353,0.24731182795698925,-0.12052197499871395,-0.17463159723265861,-0.34244394699697656,0.05510807816271945
20,0.5,tp3r,384,-0.18359930245416436,-2.2959994992683357,0.3098958333333333,-0.15461853056942498,-0.2116883582809118,-0.34043835800068767,-0.024251223178628604
20,1.0,trail,237,0.06444346651577396,0.3545296347301439,0.29957805907172996,-0.10224998291097653,0.24128347373371786,-0.2514011600033585,0.4455984485950669
20,1.0,tp3r,254,-0.10873513524524248,-1.1027629757249302,0.3464566929133858,-0.05843746279601241,-0.1606423332128479,-0.2970213401596427,0.08574069090477482
20,1.5,trail,143,0.31026821578271585,1.1165265447057642,0.34265734265734266,-0.04922499486834014,0.7067680804713806,-0.16285418256783485,0.9186778024398952
20,1.5,tp3r,149,0.07687841542177586,0.5547923578878425,0.3959731543624161,0.031896237695016344,0.12246846041511318,-0.192800616067333,0.34960304830618427
20,2.0,trail,95,0.2120957404427373,0.5755134083101657,0.30526315789473685,0.06487052148680529,0.36245341086581695,-0.36467062897432023,1.026960780555298
20,2.0,tp3r,96,0.1506779365981277,0.8543582044422061,0.3958333333333333,0.2633484767333154,0.042606194019478266,-0.18369061215857266,0.5000544158549669
20,2.5,trail,48,0.6209387575682817,0.9058796127017008,0.3333333333333333,0.1988726968750361,1.1197441020239354,-0.3732731181165532,2.1636060252040528
20,2.5,tp3r,49,0.23505755651220214,0.9498044886611182,0.42857142857142855,0.31596496696969817,0.15077900395231048,-0.23703358017325704,0.7267381720924914
40,0.5,trail,297,-0.11435499070031886,-1.0596767874895494,0.28619528619528617,-0.10166100550154024,-0.12679509619512194,-0.3176176308864825,0.10415285960796673
40,0.5,tp3r,318,-0.07982420416520469,-0.8963764778369954,0.3553459119496855,0.023168274669371575,-0.17900214674664852,-0.25664817049263544,0.0963050744644122
40,1.0,trail,188,-0.043040926805492576,-0.26006293805111547,0.2872340425531915,-0.04367761897599702,-0.04243076347542579,-0.3447570003328805,0.3106020636268827
40,1.0,tp3r,201,-0.0945104410520397,-0.8503061674858123,0.3482587064676617,0.04372654462518392,-0.22344301423175789,-0.30538405238723243,0.1281971661437838
40,1.5,trail,110,0.06701041718241979,0.36917029826728714,0.36363636363636365,0.12811141756381902,0.0059094168010205604,-0.2782903103446123,0.43947799578143326
40,1.5,tp3r,116,-0.009008355452107923,-0.06039629949822521,0.3793103448275862,0.052510495688415405,-0.07052720659263126,-0.2946350426424935,0.2865819942750352
40,2.0,trail,78,-0.0359151241619197,-0.16865306726304963,0.2948717948717949,0.06908248731136718,-0.13566285506154224,-0.4258246733147442,0.41919797594484326
40,2.0,tp3r,80,-0.1803578073431539,-1.015954144816781,0.3,-0.05830861016892124,-0.2964533851430337,-0.5087112562553587,0.17851304292738546
40,2.5,trail,37,0.29401568314719045,0.8802110874057405,0.3783783783783784,0.4441297196583286,0.15180238539979643,-0.31322379052360194,0.9722962714954335
40,2.5,tp3r,38,0.18976224290002255,0.6738104371656931,0.42105263157894735,0.3748533949755606,0.02318020603203842,-0.34174802657994613,0.7422525930041065
80,0.5,trail,230,-0.16910863171011323,-1.5156571991596384,0.28695652173913044,-0.13231992393876818,-0.20402672722189835,-0.3758135792275518,0.05540537871181651
80,0.5,tp3r,242,-0.1865511026686642,-1.927239618321909,0.32644628099173556,-0.09089535087257174,-0.2775783503455909,-0.37373256077537725,0.007850425864479179
80,1.0,trail,139,0.011102038906305692,0.05594969390187681,0.2949640287769784,-0.03516947752871518,0.05416025558889448,-0.3400493951912381,0.43381567243861613
80,1.0,tp3r,148,-0.06761524699855453,-0.5279349177591568,0.3581081081081081,0.021119920885279087,-0.14724937202250782,-0.31313883774047013,0.18834494722196982
80,1.5,trail,74,0.04697920694986568,0.20382454353059787,0.3108108108108108,0.1794965001333129,-0.06566049225606443,-0.373461179064197,0.5216446738348333
80,1.5,tp3r,77,0.047381625150441586,0.24497512976475377,0.36363636363636365,0.18952978498731995,-0.07107517471362368,-0.3212116726621339,0.43038756985866256
80,2.0,trail,50,0.07743116873444465,0.2703932304947347,0.3,0.03368208471107657,0.1178149386021691,-0.4434973977084715,0.6578284951596912
80,2.0,tp3r,51,-0.08824791187977557,-0.37569222520078627,0.3137254901960784,0.07409046195769896,-0.2325486886241973,-0.5236266172167443,0.3841168955013201
80,2.5,trail,23,0.5705085159340316,1.312060541465458,0.43478260869565216,0.3888253313800893,0.7687083536292415,-0.2440183539428569,1.436592828044054
80,2.5,tp3r,24,0.4114598543289429,1.082894148004982,0.4583333333333333,0.6061125616779188,0.21680714697996692,-0.31019192372888515,1.1612667633575031
